gen,ADF,ADICP,aNDF,Ash,Ca,CP,DM,ESC,Fat,K,Lignin,Mg,NDICP,P,Starch,WSC
1,30.6871440676139,0.55028518344712,35.8668761476187,9.44617342899517,1.17228035688335,21.4136649002584,94.5762823345971,6.21286562935966,1.41336281656241,0.606184126464634,6.10465437140158,0.574505133392636,0.914470047004337,0.629650662157875,1.54486050422347,7.88679119442184
2,31.3067253963459,0.543757083009691,36.6939379655502,9.44610293627588,1.16373639543713,21.1689945353956,94.58655562961,6.21059384919993,1.48488626772169,0.605664172873338,6.26000988801109,0.563456175631734,0.919645456000214,0.690407832653538,1.53485196918295,7.91072785565511
3,30.9533486026659,0.54579091609247,36.3238800338346,9.43213496261756,1.16416801018144,21.2763287944701,94.5962629127071,6.21398659864643,1.47610792554317,0.605139661011442,6.16016639801098,0.56753517215104,0.91172272982774,0.656369932989108,1.54499890948331,7.9068044028174
4,30.746566993609,0.545378135964845,36.1327257400695,9.45396350371682,1.15951203122305,21.4225562049515,94.5679425431559,6.21791911861988,1.44076989575653,0.602747595468419,6.06335583709691,0.574883176276494,0.917743603667819,0.743271394241062,1.54787929187529,7.93021524794336
5,30.6304713605122,0.542442472686331,35.9152982653824,9.42811353632964,1.16827828501925,21.3002286890021,94.5869290058481,6.212293307115,1.44416508477975,0.605021770090959,6.02582752065369,0.568971970381804,0.912251769397041,0.74592270431215,1.54280506657102,7.90726039118169
6,31.1915921115182,0.546141489446419,36.3657717292563,9.44467098476156,1.16210385628311,21.2795731214106,94.5928936678561,6.205052124642,1.46573447829726,0.603959453989351,6.18427492407339,0.570560043544945,0.916929232449868,0.682648670856466,1.5170750805205,7.91056479305606
7,30.4789461469427,0.547065745286614,35.7813328198648,9.45371837317037,1.16183895280203,21.4855295265036,94.5730278637383,6.21907104925665,1.38763604025131,0.603715176928133,6.03484041199312,0.576587181947167,0.921283722279619,0.729223289202571,1.54128683629351,7.91715904940386
8,30.9857247523946,0.548918670935279,36.0488272202358,9.42223238406943,1.16842682918985,21.623489441445,94.5811241091145,6.19278267844905,1.42317534660389,0.607166888449562,6.15602447172833,0.570070968657693,0.91572381563382,0.82646394775763,1.5152354227876,7.88842531915536
9,30.38224230931,0.547442754583494,35.553251852283,9.4652345832936,1.16983580042866,21.7340640094,94.5863196883006,6.20515600779384,1.41228214768307,0.606511386901075,6.04423184303953,0.575262542435377,0.915149198206236,0.850099911792423,1.51530033709934,7.91398961789289
10,30.704576225811,0.545752679261907,35.801173942832,9.46213740916406,1.16270521179948,21.5679338035082,94.5739207353976,6.19851016904251,1.40061429251624,0.606183764547581,6.09368880169013,0.573961611504408,0.915387566785468,0.750567584394037,1.52714200348252,7.89559556490153
11,30.6659057109489,0.549365597696573,35.9546549210729,9.44286633573257,1.15773315145171,21.4840206714611,94.5798972206575,6.20776097214939,1.4245819238754,0.605119989210559,6.13731999330131,0.572859069959,0.914474544331307,0.759544744676068,1.54007115071634,7.91474824272491
12,30.0714267026132,0.543766314148071,35.3766763122601,9.41802868641791,1.158108184373,21.7204095592514,94.5716894561326,6.23391011178468,1.40409261670409,0.603619359220845,5.98029558681437,0.573297732364262,0.918438071654279,0.920402045161335,1.56246586964656,7.91593052433806
13,30.4876199222865,0.546746235685511,35.756806911651,9.43304178358384,1.16276961534212,21.5235524971376,94.5878633386704,6.21306888275895,1.37162017336023,0.605481255170851,6.0532089428445,0.571818064870719,0.920039263401039,0.813448614954608,1.54141539698019,7.92215019745641
14,30.7221372404215,0.547190286715611,35.8657419695788,9.42649654969186,1.16142064108419,21.4832872988511,94.5774962437975,6.20346598920725,1.41296746017455,0.604857832666363,6.06581547188262,0.573504954039886,0.919321016347629,0.698503323450796,1.5287185032013,7.89965026165075
15,30.3977085189376,0.543274223852088,35.5807317813274,9.42267618841765,1.17009855719486,21.5431433651864,94.5910666642159,6.20867654062933,1.42380535962581,0.607064754768089,6.0076754225646,0.572394803628966,0.917499222684888,0.796769910403052,1.54295611521113,7.92368139888746
16,30.6803377296949,0.546274801377437,35.8815841575428,9.42911405716887,1.16639023640184,21.5042894028413,94.5801910744522,6.20167955529817,1.42806955905899,0.607473149959576,6.04739849447431,0.571783271430477,0.915856445994459,0.779176024021539,1.54582903488398,7.91446416027104
17,30.3093258356349,0.545783566635821,35.5199342297138,9.42140033887385,1.16332265777426,21.5368897909022,94.5661539128403,6.2081745538072,1.38856432478937,0.607698819220827,6.01257861818897,0.574023072795336,0.919558054957285,0.736508941244647,1.55766906297677,7.9031751857133
18,30.7379097459246,0.541618269996427,35.998089639249,9.44626233352939,1.16855300086104,21.3232129258884,94.5777992211409,6.20556408385209,1.3891450211333,0.606230498792586,6.0693932114291,0.571840916641427,0.915837957716343,0.716236909442203,1.541061003763,7.91570363621067
19,30.6380452052725,0.542178172947632,35.8126301497686,9.43104515830914,1.16045691707089,21.5465956429548,94.5720965478345,6.19339800596386,1.41258403250796,0.608191937074155,6.12847828274873,0.570750664923093,0.917654734160952,0.774486184797394,1.53508107451988,7.90903587917695
20,30.7614561569839,0.544383157720425,36.0345027237661,9.43913117865317,1.16672207702996,21.3817321652801,94.5769134163499,6.20783967430781,1.38691791461843,0.605757019045624,6.11871925323076,0.570866006819965,0.913637658359731,0.800663907152831,1.53790598573798,7.90817201156925
21,30.4488932515326,0.54428740701855,35.7080436469166,9.42842621469896,1.16416287012598,21.5400960958493,94.5677663604,6.21427320724471,1.36889290025186,0.604076452350921,6.03087801740638,0.574485306224916,0.919529658333493,0.735815069963833,1.55193052095227,7.90711418549994
22,30.3884877979228,0.541659353404996,35.678365066397,9.40270168920995,1.15870347142214,21.486113211883,94.5708836907122,6.21234438370613,1.39567297108763,0.605629514356471,5.99311631818932,0.572987304126426,0.916827376114708,0.775456382696853,1.58485775558686,7.90568927705646
23,31.0165308267908,0.551477227874104,36.2453896715289,9.40983324227877,1.15943313161352,21.3987798717004,94.5848946778071,6.20475270584278,1.45430432772162,0.606019834418812,6.16688817072468,0.570364780695032,0.919644439183036,0.776035197995559,1.53975278559481,7.89873258533989
24,30.8280815836748,0.54678180795624,36.0195135359007,9.4460782007563,1.15749816110215,21.441890538337,94.5904401319772,6.20822326458871,1.4106792322242,0.605056113675567,6.13214339994097,0.571620304095659,0.914079459821083,0.766457209652308,1.53372356903596,7.91186126325026
25,30.2421572711324,0.542878471895193,35.4482712305042,9.41648395443357,1.17001005254876,21.6145291683798,94.5761407072635,6.20295170909686,1.35890377501554,0.609722118345066,5.89906804794594,0.572392868358322,0.91170800026952,0.699156950851094,1.56050431788079,7.90292386909864
26,31.013637301776,0.546987504622292,36.246784230826,9.42208573467007,1.16426439336295,21.3237370284954,94.5918416291301,6.19730924929592,1.43819558505755,0.604183576186334,6.20287102748229,0.568493030055276,0.915400442315166,0.672064846943953,1.5175077254881,7.91406822409159
27,30.5132444879892,0.543713868218527,35.7034036962355,9.42948097557976,1.16588210683745,21.5211700892164,94.5788213616724,6.20333000820759,1.39647170758369,0.606460518009566,5.99605490744968,0.574417006542882,0.921466550914015,0.771717711710187,1.54448323573548,7.90935954858993
28,30.4179807409179,0.546134890503825,35.6698755276539,9.43300735479608,1.16184818800723,21.7839277543501,94.5732858944741,6.21126643264249,1.40263877581777,0.607660201714494,6.09760585457099,0.572340039387606,0.920175806746322,0.883089743814125,1.52090527362139,7.9104078466236
29,30.304466317336,0.546576811159505,35.6089079185957,9.42292987689109,1.16267746339899,21.709607540501,94.5888581870513,6.21610680983891,1.40400237094288,0.606730792174209,6.0423226329619,0.575896287989832,0.916522582425241,0.825167773539075,1.51649814826023,7.92591378426811
30,30.7031208580384,0.547951845041299,36.0222215474052,9.42875137358623,1.16616380453558,21.4724072844226,94.5707495316944,6.22153370217818,1.51476979805114,0.607468312837943,6.12574615082694,0.574236781543734,0.911999186887542,0.731426931609859,1.56424871066599,7.90925671772796
31,30.4451884556159,0.545201308075414,35.5265674233244,9.44549001115512,1.16544169619394,21.6250331697132,94.5952417158304,6.20397743882509,1.39550353375108,0.607772736796594,6.02321492569528,0.57409053629981,0.917388829724297,0.855499870438361,1.52131372746562,7.90655732161321
32,30.7673311466437,0.545026287048145,35.9311228677624,9.42197870434406,1.16504393096912,21.4968631144933,94.5721082740806,6.19751071717061,1.36952709259188,0.609387735446831,6.05506562131565,0.571863260712675,0.917542204353914,0.825144001150661,1.53583319961994,7.89182815832341
33,30.6557685024601,0.544650748469172,35.8419381895016,9.46051164011556,1.15703266329535,21.6685811275286,94.5873241344838,6.18954597319454,1.36288245722888,0.607590132521566,6.08864025971078,0.574734695041293,0.91399027166607,0.814799691449948,1.52157745934545,7.90632096199465
34,30.7613381274131,0.546204632743146,35.8291229865652,9.43880035088649,1.16423124608903,21.5882338643139,94.5719812446507,6.19398407399897,1.42286677406604,0.606486873429693,6.14355837429215,0.57221485663196,0.91761274484763,0.710838713146163,1.53652036114978,7.91190854246619
35,30.2602122223367,0.546640102452113,35.4314946345922,9.48282324173176,1.15904987252317,21.6814475976849,94.572137155321,6.21256946186457,1.44815841698199,0.607257629436082,6.02250988921556,0.574967969865498,0.919222876384342,0.727782236723055,1.55723627809179,7.91031911517114
36,30.3844199747017,0.54513714835757,35.6596129397688,9.44454949004563,1.16537082787097,21.7882486608825,94.5702573620621,6.19755947002412,1.41303358916603,0.608472954959949,6.09202550067326,0.575254848258666,0.912667663393885,0.755353105584439,1.5098848608041,7.89881621586476
37,30.2968324624381,0.548369263283467,35.4084250652929,9.4425827224634,1.15803551487583,21.7874514177964,94.5896959739606,6.20623310142173,1.38874707395023,0.605486967020574,6.07735948473418,0.572978361941855,0.919013109420962,0.843936548259972,1.534620606941,7.91046407611798
38,30.7561397165235,0.546899595009656,36.0381372384663,9.42129269085542,1.16761523602427,21.5613125458639,94.5727126619653,6.19664143162136,1.39950439032587,0.605148051098409,6.15107861345161,0.571551151870415,0.91585564424051,0.766559887759402,1.50214531388609,7.9010494251576
39,30.5305809544186,0.545586780610086,35.6956334667187,9.42355136715218,1.16440128382318,21.6325043191227,94.5824007038667,6.20277947429261,1.40424596151366,0.607987389963025,6.09608549059359,0.572672533016736,0.918672153023547,0.870664788826541,1.53275217722804,7.88842697310099
40,30.4022323721951,0.542796325382805,35.5039066023012,9.45285115622264,1.16232961738386,21.6135458352313,94.5822676411924,6.20131723945238,1.41225275387278,0.607704636316274,6.05602276944249,0.573938613552392,0.911888753952159,0.761674970641801,1.51625687758727,7.90237310933331
41,30.7651223654845,0.546798125378764,35.9285909147866,9.42877388037268,1.16130050212166,21.4581936440122,94.5648114639219,6.19684292112067,1.39121811552327,0.606743091364418,6.13136858446706,0.569568442033019,0.918488887947925,0.740457362335755,1.53981407166495,7.9018958924071
42,30.4795253455889,0.539537664067022,35.6188861298418,9.43255859947227,1.16347587383258,21.7783679198314,94.5773473995181,6.20515324962067,1.37326246857171,0.606914410922971,6.01567407102699,0.574905424966659,0.916556248382426,0.752844740569405,1.51814669972367,7.91036180171471
43,30.3508914725402,0.545258735632544,35.4838042197551,9.4245673665715,1.16753654138878,21.7603533730979,94.5850178331328,6.20547798461097,1.3933317049957,0.607363503339409,5.97918664981966,0.572673540384715,0.916808500342269,0.838537958811622,1.53928360305433,7.91573417774058
44,30.4045030314035,0.545695668363653,35.647018039533,9.46692651139583,1.1535289308533,21.688551593293,94.5859655720341,6.21249613875786,1.43010100047118,0.605248213845554,6.05180245541183,0.574342292914007,0.914716938655763,0.775942041217434,1.52835450717023,7.91584587046802
45,30.5698006331086,0.547346035853316,35.7042163105072,9.45979402074465,1.15918385153208,21.5846471195848,94.5839885600286,6.20533558454789,1.42621892273296,0.607713416403401,6.08639577284287,0.570738478703734,0.916548146672567,0.781772068662428,1.5563913360192,7.90888433767184
46,30.3702172218614,0.544663959431362,35.5773669712681,9.42378070486596,1.17119618451309,21.6964786633231,94.5764944924034,6.20426763571973,1.37377961144307,0.608992581928491,6.01593731812306,0.575468315873434,0.918887102344714,0.786629232948066,1.52479981922667,7.92235036471133
47,30.3992349576394,0.544469782292449,35.7453181740181,9.41635346217791,1.16280902240504,21.5603951199336,94.5783609973187,6.21954189143069,1.38267505697235,0.605965705661211,6.02844976838244,0.573356597922989,0.914884698962976,0.735571033140685,1.55933015509811,7.92250388592498
48,30.8019789617082,0.546778195696388,36.0382598161675,9.43918534161279,1.16657266137307,21.4743646932509,94.5841910612679,6.21259307548385,1.40219644738334,0.607184433349819,6.14894598158495,0.571743703547469,0.919687331683781,0.780107157434999,1.54689362082298,7.89764810126465
49,30.6381418340185,0.54943411278343,35.9234740410219,9.45824439508348,1.15588803600161,21.5353869577985,94.5926735505264,6.21072806090967,1.38773480122609,0.60545237868407,6.0437545563527,0.571829259492598,0.916262345222761,0.794144089035802,1.53922714443152,7.91758058911947
50,30.2695288431302,0.542570071521383,35.5349424498947,9.44841096030719,1.16262858959704,21.6677631879275,94.5775929302248,6.20533229878164,1.40672872049013,0.607672881244432,6.02478789433429,0.571926366263302,0.913812164735397,0.825247666237733,1.54008094690219,7.89928554577894
51,30.7582936904127,0.541453687412929,35.9557119893091,9.43330346302455,1.16744193620458,21.368080385609,94.5719681868024,6.2098977659546,1.42643426316372,0.606166637911465,6.08316953779792,0.570868437104589,0.913530151539051,0.731125228073509,1.54550058992184,7.91046513687773
52,30.8006069326617,0.544326057707094,36.0407053291528,9.42893857012723,1.15885968837639,21.4338427336327,94.5828841438881,6.21374091162524,1.39070670876597,0.606026191414479,6.09572694783419,0.571245422463405,0.918218406542593,0.762817064195873,1.54225006328803,7.91341318768038
53,30.2308862660176,0.541194740121336,35.5128744155298,9.47209283890404,1.161380958092,21.6655384817278,94.5767803501008,6.2174654038491,1.36015513309922,0.604558164376104,6.00390052208019,0.573229280445208,0.914847325693733,0.758729033204795,1.50670461468047,7.91541528186329
54,30.7696133603393,0.550392412702369,36.0356836392507,9.46909500642505,1.17185310632289,21.1502171674463,94.5771196407726,6.22606039288044,1.44042546546429,0.605634629834661,6.1690918424318,0.570778451437525,0.913621748959899,0.665320368911017,1.54132119970546,7.9416682830473
55,30.7407956522889,0.542160506579732,36.0677742520954,9.44612754890589,1.16565837285726,21.3379757273206,94.5823878755983,6.21598923622126,1.45982179591698,0.606105887688156,6.10041136173702,0.569632020143498,0.909759307371198,0.665070815221001,1.53503480773236,7.91719305037309
56,30.9933266953905,0.548568283570755,36.2424793386286,9.41414454545265,1.16176823014353,21.3925867273516,94.5794150546607,6.21331292654365,1.55824156639291,0.604618043054255,6.23879424219325,0.573089974828931,0.921472206924105,0.564863978813444,1.54570303891895,7.91100735379104
57,30.4187372634832,0.545960282988483,35.6809133760409,9.43691398233374,1.16189336444796,21.7652020301847,94.5711790720486,6.20837578483376,1.3667073019489,0.606906564108084,6.00387457620456,0.576312566312108,0.914114443610343,0.793474661550148,1.51724945749774,7.90918686062184
58,30.3612456059218,0.539706616720394,35.6163848144198,9.45022546817781,1.16098817311702,21.514209529715,94.5859761920273,6.22756039825778,1.36635275680175,0.60627197252742,6.00319832366909,0.573625992331681,0.915654741499789,0.791044331541578,1.56439985320795,7.9251011376964
59,30.1757054989557,0.542941479789562,35.4046542872548,9.44100770212104,1.16438148932495,21.8024816738431,94.5604384833182,6.2138411796297,1.40794715842723,0.606536357944268,6.00803284486249,0.57419431739243,0.913698136355618,0.767454645965651,1.54519669609979,7.89978046160751
60,30.5186444019891,0.543289499908733,35.7559629352625,9.44571989036233,1.15857194812752,21.4977651015802,94.5705522702421,6.20725187841364,1.40721465944471,0.60603404445486,6.04144351924808,0.570730166520317,0.916255812278324,0.79992352929351,1.53751846284001,7.91142260390793
61,30.562838667228,0.548284860917019,35.6840597787175,9.45145662311505,1.16926869929632,21.7650721486082,94.5640666450323,6.20957714976851,1.44968122108701,0.607732143961975,6.06986575671736,0.578884735193365,0.911909158266025,0.693699560595448,1.51837071855317,7.90705933010411
62,30.6965486268669,0.547330160276449,35.8933021594609,9.46829816752715,1.16849070707117,21.5310285175776,94.578657011826,6.20890779348086,1.41853450917626,0.607318729905254,6.12707316960803,0.568640577007372,0.919295322431429,0.762835212038199,1.53300245533459,7.9089800568924
63,30.6238594846565,0.542908695786922,35.7802671252203,9.43350119726892,1.16368855894793,21.4870699138143,94.576839057266,6.2075742642235,1.38792888510274,0.608364722615148,6.04415497258139,0.573587611916837,0.915764584435012,0.728906558422414,1.54852747227954,7.89901519670699
64,30.0489880735403,0.540630996167145,35.2994655990082,9.46508086601602,1.16428549150254,21.6164946123117,94.58826288195,6.22643403578993,1.37022047129885,0.604990196947054,6.03047603963953,0.571919477287024,0.916688282516792,0.838139651854211,1.60114461081922,7.92383197644295
65,30.680253231702,0.54815933682833,35.907251454691,9.42964535035092,1.16399184981301,21.4318824538901,94.5729138087097,6.21193110966858,1.43153425709557,0.607047991605051,6.06422377258123,0.56950301803562,0.916272952607714,0.721059237666909,1.56287371506832,7.90322837534521
66,30.6494446474494,0.547956333819494,35.7901893678606,9.43025353993428,1.17430525111731,21.3773414775711,94.5604469496742,6.21409918518027,1.42910989303385,0.610185986272561,6.05183599669771,0.573468471510932,0.919767064914441,0.701331321300719,1.55478764590831,7.90585294686786
67,30.2614925438449,0.535506239156246,35.4978642338194,9.43624157694863,1.15184684416882,21.6006950248552,94.5727514278159,6.21219807086425,1.36244895089539,0.606340204105263,6.03232818703147,0.573790351940394,0.914999276771412,0.734086376841916,1.53296413615063,7.91344424529044
68,30.8986855655591,0.551226446201019,36.0098518166345,9.44909242227634,1.162118282745,21.5049304660832,94.5712035429297,6.19712625433681,1.41647184701469,0.608783719844498,6.03409671510858,0.570566442145028,0.920489944866504,0.749075249077067,1.53083986514507,7.89358233359653
69,30.9264369283919,0.549213375717291,36.1731222579041,9.44667159687637,1.15670410142324,21.3347090314373,94.5850653648501,6.21884879176992,1.45839853785418,0.604477654971608,6.17940273713167,0.567925109264921,0.919376432108966,0.686162247731093,1.5285677390356,7.90941710020006
70,30.9115147621364,0.547686939262006,36.3290428195865,9.41919692255401,1.15586660844349,21.2437118312419,94.5963293756469,6.21467373575955,1.46753856994641,0.603644375904976,6.09896939226566,0.569122435458911,0.918098395423883,0.681070251946722,1.54930673417762,7.91767394145982
71,31.1634636370085,0.54527494989069,36.3352446721645,9.38939717204337,1.16898270048201,21.3573353690051,94.5739852282225,6.19837671387884,1.42435417001901,0.606331564246314,6.11601617680354,0.569201778823276,0.91466493711847,0.755263900836732,1.522487595825,7.90378192904925
72,31.0027352843184,0.550726987652965,36.1423043567691,9.41732182846454,1.17522255101083,21.4118500728129,94.5892295334714,6.19134599189116,1.41287938338087,0.607513961017754,6.08953335777971,0.571823820879992,0.920916024616048,0.737680176499613,1.52126872404001,7.90156121405424
73,30.9018172136001,0.544599566393709,36.3183496891911,9.43078382932683,1.16327539409511,21.1759692765105,94.5842623253725,6.20713211967756,1.45044045533978,0.604700773791522,6.08617968821019,0.568581674205247,0.913928696009793,0.671114653735053,1.53486067197233,7.91247313953913
74,30.376980827884,0.548065790807511,35.4431125641584,9.43612422606959,1.17350167925124,21.6487480049397,94.5652088791711,6.21403143948968,1.3937435461474,0.609219647388595,6.05465475265862,0.57929865624138,0.916610400627851,0.704676655790154,1.51383494289859,7.90483515764733
75,30.2159527025505,0.548604738942668,35.4213429065718,9.44280320645526,1.16988073804728,21.9128442956352,94.5602175640787,6.20635534709636,1.36638739799055,0.607130272832401,5.98969925407026,0.574574544435952,0.920494021321369,0.83559389176043,1.53574939184654,7.89337250668865
76,30.1234043944987,0.545885106072065,35.2269444366834,9.43365233344537,1.17038547491498,21.8157869575642,94.5678083928951,6.20394809917729,1.40362334335038,0.607718203639367,5.99800919523671,0.57576999347629,0.917931740114647,0.835452313845755,1.5253985750948,7.89438454860557
77,30.1385041189275,0.542907506117573,35.3016639864973,9.45538796244201,1.1658963814535,21.7544510789762,94.5801091503116,6.21302913561191,1.40562197737634,0.608385336109783,6.01584890232978,0.577268976426183,0.910827810713614,0.790824478520658,1.5246032096382,7.91126337547368
78,30.5119385486645,0.54375121338516,35.6420516059798,9.44093695156328,1.16489433031618,21.7148746236097,94.5748989190494,6.19340544229911,1.36205389616537,0.607247958171118,6.01781717163647,0.575704468016878,0.914371633674354,0.740891961834333,1.51177097530998,7.90672603501951
79,30.5309101740108,0.547350269756143,35.6854561425918,9.43459748944103,1.17495935991879,21.7466837897104,94.5730007043949,6.19328734623277,1.42825400297315,0.6099749890175,6.07853488463769,0.574669684352009,0.914305283583199,0.87435019131199,1.50637398377772,7.88778223424436
80,30.8019225513322,0.544423701283265,36.0455337132424,9.45527546603551,1.16574170775677,21.4276415465756,94.5774278897825,6.20320844665986,1.45365055926885,0.60700981896635,6.11211109152338,0.571410712249485,0.911750043078814,0.772333906698953,1.53324644388793,7.9051056238942
81,30.5928086523034,0.546534535959547,35.6738751855834,9.43975369919823,1.16136267957919,21.506434416767,94.585252168065,6.20637423825066,1.43250748325835,0.606736097419731,6.05642480280559,0.574631972561808,0.911408039434571,0.736207970254172,1.56002684949653,7.89052864855074
82,30.9315459883535,0.545775143094066,36.1822104798429,9.41352154481866,1.16458792596587,21.327867912077,94.5804782619941,6.20877750482797,1.47420177595525,0.603944720986585,6.18058976065639,0.568525897309831,0.91464871363826,0.691693808271534,1.55136573451368,7.90832690447508
83,30.413117647374,0.546009179749554,35.6546128467288,9.44794021046173,1.16917785016976,21.481939244042,94.5713572953427,6.21780133068209,1.44806259731714,0.608059376569241,6.04339790473569,0.573978824529508,0.922479313930359,0.731318111402318,1.54951163310709,7.91394645076662
84,31.0483437395685,0.547087822606361,36.2711470919112,9.46858014628235,1.16544950680407,21.2711305051955,94.5804105563508,6.21160933536859,1.45452581858754,0.606253080809987,6.2208847589892,0.571437353988332,0.919340203178759,0.701424490658053,1.51473781051133,7.92245599276358
85,30.0811420861488,0.545512517065747,35.2144771895078,9.42478495854413,1.15974536633492,21.8901635633618,94.5904707488263,6.20901149785083,1.40692114145912,0.606898563508855,5.99323151689031,0.574077197894605,0.914650868631554,0.792874831646993,1.52599623633385,7.91074088811027
86,30.3588109026212,0.544573190014137,35.5006545973722,9.46795203647496,1.16770855464583,21.80729904707,94.5720233960962,6.21067677875403,1.41608657474546,0.607354667252911,6.07114632172225,0.574888571800857,0.912276161637722,0.768504559953413,1.52116354072351,7.913564310566
87,30.5910376928845,0.549548274183099,35.8126938281166,9.45542736437533,1.1690103040398,21.5195719561353,94.5637570092728,6.20966509402992,1.45320879066929,0.606359753774317,6.10794887189384,0.570527913520706,0.915420746447261,0.672056572951554,1.54198243530935,7.91178201476976
88,30.5270974685708,0.547894526397894,35.6891910615355,9.42897738917845,1.16555652156042,21.6326627026198,94.5974948522469,6.20377765435153,1.4040877016153,0.608842074863162,6.02834978269045,0.570263895394795,0.917511793954881,0.799549754618696,1.5540996168503,7.89914694451751
89,30.7051176025661,0.54421450102488,35.9311874140009,9.45342443046132,1.16739331503901,21.4465243256805,94.5546151690264,6.20517519477677,1.37200644494981,0.606162064581517,6.06145399128147,0.571836100688235,0.914983503078453,0.722147810842993,1.53576162048282,7.91341742018028
90,30.1742397231651,0.540799668489657,35.4175012373575,9.40972263000512,1.15451924559941,21.7621097775334,94.5774543409635,6.21504486827396,1.35924920536679,0.604512432421675,5.99654525118092,0.571973073214402,0.918397374067118,0.86628641767959,1.56276760018618,7.90907158506737
91,30.2055534536176,0.544926139161221,35.4195655617708,9.45460921474071,1.16704035161925,21.6411592610126,94.5743003606119,6.20196788076851,1.3695296990789,0.608687456815781,6.03212196453803,0.57471146800849,0.919804320414639,0.78465678704582,1.52281085209218,7.91883551371547
92,30.9640592985993,0.540808689382372,36.3805017388712,9.45389287063453,1.1648885676823,21.2766042224144,94.5762398985942,6.21647108363051,1.42810918731521,0.603952050345634,6.10988472832223,0.569522473286737,0.913681842653322,0.644739473453525,1.52429519558689,7.89789989232908
93,30.5076528247622,0.551080530309296,35.7232074218485,9.46037105879716,1.1626958554561,21.5688714067897,94.5790410159939,6.21151647987767,1.4243026944112,0.605741616853111,6.07259633278493,0.571905873724433,0.91348883623109,0.838573197985804,1.55517795264353,7.91314931270871
94,30.6377871069636,0.548910563257522,35.775321949937,9.44338193437556,1.16699601865032,21.5090269008624,94.5882357749188,6.20486424993222,1.44223745471155,0.60851916762986,6.1051086618379,0.571100433765093,0.915715575497477,0.757175501078416,1.54912406046815,7.91146171308301
95,30.3304270172652,0.54978465769444,35.364668024015,9.4666866234705,1.17135710437526,21.6025190315881,94.5803839232279,6.20480820828539,1.358082322257,0.608450107157479,5.93562518961382,0.573556994513617,0.918763277885175,0.819479964283246,1.53775139944671,7.89360145286881
96,30.7362374808028,0.547390732340219,35.9700996734391,9.45084413262955,1.16611981255283,21.4393309560428,94.5881914648022,6.20412786284839,1.40975757472012,0.608727727242366,6.10793095796145,0.569776131562322,0.91585248030234,0.807584794426098,1.51600518425884,7.92280889011411
97,30.6345950041296,0.543563296426845,35.9142104124749,9.42810629078262,1.1700853392728,21.5194544394642,94.5736294226651,6.20508815687961,1.44140385922805,0.607776650156358,6.0809428663902,0.576693255885095,0.91313408497232,0.823217293985021,1.49041682313304,7.91175717977337
98,30.5336369342676,0.547176670081993,35.7177154421932,9.45928950173539,1.16757742682253,21.5031048237594,94.5790803718407,6.21205478334911,1.40004487296608,0.606546917355794,6.03840812001632,0.57380457368999,0.915689071386528,0.69294737714699,1.53428159868036,7.91247340792528
99,30.5118946720677,0.545431271851935,35.7524512369757,9.43154144736437,1.1659524781469,21.5320460848356,94.5778449834862,6.20034446279831,1.47204253265566,0.607007517204548,6.04259410850891,0.573209209228752,0.915037805671291,0.807847099868227,1.53720765499282,7.92663241152028
100,30.2896102383378,0.546018875415757,35.4436170526476,9.47555801202393,1.16847698396663,21.6111621694674,94.5768601652069,6.20750219206425,1.38398956215862,0.608553617627976,5.98422781285496,0.57278803895194,0.917423574594969,0.854715204757647,1.54333715314197,7.90591613474334
101,30.6546846632209,0.545812145584667,35.8868131228425,9.44743105432356,1.15558058986684,21.4970778052139,94.5733575973176,6.19903888127944,1.41319961288944,0.606365013987604,6.07455805240285,0.572473595387205,0.917233940377034,0.747005702669158,1.52991006730613,7.90141129482106
102,30.7595336730842,0.545468812731242,35.9478569716346,9.45723420009198,1.16572058681807,21.5242577473514,94.5785416500462,6.20270256769776,1.44100754523557,0.607869416507807,6.09349439046787,0.573570703207905,0.914227054234179,0.709740752956466,1.52983245605822,7.90497509889476
103,30.7098668071541,0.543533199846733,35.9532820759141,9.45893904252951,1.17036279750646,21.5566192112398,94.5987424697591,6.20856697045678,1.39630588789211,0.605725336716352,6.12534241537333,0.569214340421795,0.912334006480766,0.742859171480367,1.51001471273702,7.90932154695181
104,30.658937631206,0.546726743052704,35.8214464325513,9.42973155329474,1.16231303556974,21.7233374680191,94.5901579924859,6.19152652751112,1.37685057778488,0.608034686365883,6.07077484910883,0.573392943040373,0.919290881028404,0.70866925274123,1.51638076829507,7.91187763121438
105,30.589341442206,0.54790869328595,35.7127349311241,9.47934801394985,1.16508717074441,21.7005907173274,94.5788078557449,6.19342157978506,1.38389521313384,0.607826782565681,6.07305212640344,0.571516012143582,0.916808776637902,0.732270633163016,1.51012645901813,7.90449736687854
106,31.004375563054,0.541771805628935,36.158768696682,9.44255157539565,1.15979280984164,21.4378005844348,94.5930609819787,6.20426669362605,1.40890885564049,0.604930729724237,6.15144460459109,0.56883846721143,0.914252696002035,0.69772464293794,1.50935705685999,7.91888354406809
107,30.3188582078124,0.547873326285776,35.5661965590114,9.43772750907991,1.15848657976308,21.4934189997584,94.5610472321858,6.22028685628355,1.39548567928224,0.606011034960372,5.9950892431346,0.573872304917138,0.915967463061497,0.711231898924145,1.55066681918352,7.92512604084104
108,30.4490165629495,0.548287301897753,35.5856940328532,9.45683675220963,1.15083633478094,21.5427744802225,94.5918088425375,6.21658572804857,1.37878046858073,0.606796992868166,5.96835148558717,0.575027409935677,0.918831786674469,0.742211722845796,1.55462215629463,7.91026640913949
109,30.8647721856979,0.547919950526818,36.0605012370927,9.41707157303078,1.16049486061927,21.687935615949,94.5831205430434,6.19781481887057,1.41613863769678,0.607441770840968,6.18334959643468,0.575188149072447,0.913885705622449,0.770398940638123,1.52616599133811,7.91018788932169
110,30.7657068182189,0.545391230840954,35.9240828982299,9.42968083716011,1.17134463145451,21.4680971180008,94.578886985822,6.20298820122142,1.42211036930958,0.608436462229159,6.09172898432513,0.571400497138168,0.911294318155021,0.743626543864507,1.52436119144482,7.9135374196686
111,30.6725865565385,0.545541655469615,35.8719917406407,9.40631817547197,1.15660816438182,21.4823923574833,94.5747706822488,6.20541410691631,1.3988105253992,0.605406527249991,6.10416171904054,0.568609092672895,0.918771223285911,0.788010330165685,1.55156400545079,7.89925731751289
112,30.5553235418261,0.543792141296982,35.7266185227812,9.43372945219691,1.16344927823442,21.6470181468653,94.588486502901,6.20065512352195,1.425947988227,0.606606302264223,6.0599786348552,0.575692668404256,0.915993703032886,0.73396882150342,1.51506884162437,7.91781046764947
113,30.7488238756385,0.545102868497395,35.9683147502295,9.40130295875832,1.16111047502372,21.4372770787518,94.5795682916238,6.21693786423893,1.45239382622337,0.607236342135983,6.11400814634765,0.572510985392011,0.913792963664199,0.70974274840452,1.5111756936768,7.91848034027407
114,30.9207991889576,0.550412207651145,35.9920615048091,9.45676026982868,1.16522583971892,21.5182219509887,94.5770684446014,6.19854867799051,1.42063278576078,0.606820141492372,6.11358181872498,0.575456435376871,0.917416555766685,0.734255093272806,1.51090613198276,7.90500380438484
115,30.5891240234833,0.549135036154912,35.741121456343,9.45209004301035,1.16339432255779,21.4439056111058,94.5741979587635,6.20473381257234,1.44424005140924,0.607418916634254,6.09860410579949,0.573539485967709,0.914705398432946,0.710930289597118,1.54380553619209,7.91092077306257
116,30.6258597931248,0.547032159141222,35.9093940453965,9.41934447190949,1.1570499391384,21.5145232030662,94.57888225511,6.22124911244202,1.48940339979211,0.605337575334493,6.14941706447889,0.573153070107107,0.914117395688858,0.783082993506756,1.53139630313436,7.92314352247658
117,30.6436780049336,0.54697322529415,35.8177706755856,9.44945424937209,1.16601612082387,21.4416371997761,94.5825803851093,6.2049637345545,1.40322253268094,0.607080191486474,6.07447508170787,0.572033792866733,0.914570585420056,0.849165818725511,1.55575284501424,7.90873073260773
118,30.3962308069522,0.544479048404917,35.6270853484679,9.44785916879582,1.15819365207052,21.5053755107362,94.5767078248598,6.22490356740899,1.42441365201611,0.605439937365397,6.01497985522449,0.572327988493524,0.91836116505084,0.757190226098013,1.56717088557387,7.92797075409358
119,30.41936017896,0.545451586014914,35.6200842643531,9.42510753574785,1.16489702524556,21.5890486644911,94.5665125580309,6.20515208068439,1.38133552269072,0.608008321907149,5.98951630975093,0.571068066201961,0.917093630829905,0.815262118356461,1.56046972587523,7.90872694267815
120,30.1651260844397,0.546656609314279,35.3307698866013,9.45466901982546,1.16571700690543,21.602477704097,94.5721032791922,6.2108184272748,1.39939211806764,0.606990060046691,6.03560604028999,0.574402140366658,0.918377034850976,0.770521744162428,1.53770878899004,7.91502427995124
121,30.535452759201,0.548058670066607,35.782062712807,9.46213703684369,1.15935399609562,21.6450008688463,94.5776526953735,6.21225753624393,1.4117608247688,0.610307721274943,6.06030092913835,0.573939320407871,0.914698194079992,0.776025031943846,1.53207603061076,7.90733442956167
122,30.9236144568961,0.547578395852425,36.1004318477624,9.45481165928079,1.16061021683492,21.4195773957677,94.5910005349785,6.20738204685501,1.43173856389944,0.607531754733446,6.09711639890303,0.571999584003896,0.919799809832707,0.758732505159339,1.53980505572239,7.90169812645559
123,30.7260833217266,0.549064443728694,35.8727221302737,9.44477624353311,1.16446792561541,21.6685035078556,94.5703858072562,6.19693202485122,1.41746625330304,0.606290594214668,6.10946965583285,0.571467457699456,0.916684626678088,0.753157143156833,1.51443926745134,7.90446020865367
124,30.129664163512,0.54703583948829,35.1877188134933,9.42151613264639,1.17207032706329,21.7816358952313,94.5749269593183,6.20858602002825,1.4023890225473,0.609053483731242,5.99274799937023,0.573905962188383,0.917666015985597,0.869566721397459,1.52496914569115,7.92120040370581
125,30.4318854298634,0.545444931190304,35.6917118150105,9.42595034309379,1.16579873483802,21.6189742956185,94.5887294037763,6.21452833707498,1.42167828444163,0.605779946288308,6.05660114299337,0.573914239585806,0.910822644609937,0.794530360804663,1.53630273894945,7.92044688030168
126,30.5158610809413,0.54286188034101,35.7599752112557,9.43983030045127,1.16774669558566,21.7073645901142,94.5585087338912,6.19577022443069,1.40621587920442,0.607513342392368,6.04632063389902,0.575748208660007,0.916541429386761,0.745201480609483,1.53248480160079,7.89519452276487
127,30.4548852178623,0.546673387564026,35.609456719676,9.42849866891115,1.16926900940254,21.6279010989277,94.5937737160219,6.19993522029386,1.34724309553616,0.607451692374207,6.04326007890606,0.572660644692405,0.920125810378581,0.74534713069113,1.51854444356015,7.91266048700275
128,30.4773320689699,0.544158217088211,35.7228547946442,9.45584392098275,1.1588479994604,21.5930329063334,94.5781702512237,6.20617003353084,1.40073472709418,0.606037075666612,6.01487024563345,0.577944128436974,0.915467667539099,0.853661688518035,1.52753221011029,7.90532518043531
129,30.3105643303898,0.54476162265096,35.491162860924,9.43749875621889,1.16542814085873,21.7243159474297,94.5715326737453,6.20264334418628,1.4212222974579,0.607980840435033,6.00909314301357,0.575924982718437,0.913477553790661,0.684171126974206,1.53703956048905,7.90638700651744
130,30.306191460621,0.549624050489,35.5737651203623,9.40098114434666,1.16256738304474,21.6960006864372,94.5785245737772,6.22591998898802,1.37923241377829,0.604263274176046,6.07422482875569,0.574497762600619,0.91629664667812,0.704011438878142,1.53387188364754,7.92448472683775
131,30.9972463873456,0.547602434288229,36.3159782731978,9.41927837949616,1.16134548770895,21.1781318482913,94.5765431854522,6.22477269963428,1.48166141710552,0.604290376659486,6.12073594624677,0.568681695935296,0.91527117266117,0.646471102507582,1.55258409010904,7.91938092897579
132,30.7113928030454,0.547139647082294,35.9837678975218,9.44794488540307,1.16084229780115,21.4841154151678,94.5962379954753,6.19813593895888,1.40903767546779,0.604470342120435,6.09414127462185,0.575927853696679,0.916685380393839,0.789421072650047,1.52047542640849,7.90176721516895
133,30.3920499392524,0.542797159777905,35.7296126878962,9.42702736593224,1.16615134887223,21.71185787105,94.5734984720191,6.21195744938924,1.39336184632165,0.605794282082416,6.09305178280838,0.574441701243315,0.913854267956043,0.81418120086996,1.51835428057162,7.90833886758218
134,30.4476762285931,0.545744939216761,35.5732269896992,9.45633497373817,1.16260122764476,21.548468915591,94.5746192753826,6.20702106713021,1.39961855992523,0.605963313335446,6.09502018588956,0.575160272017984,0.916363607543592,0.706107937360837,1.52133405232005,7.91820877225394
135,30.6192655998037,0.54806190502202,35.7660314785326,9.441873913147,1.16405625583186,21.5906984953927,94.5724152364783,6.21016279641271,1.40656540198183,0.606676137475751,6.08315698684264,0.575061483200412,0.9167033102038,0.774297458522282,1.52104983876439,7.91572343640097
136,30.8189917537611,0.548829766376443,35.9886074531138,9.42950013972601,1.17376205115197,21.5612331893141,94.5805521896379,6.19950284261411,1.41116083128847,0.607359198892037,6.12417670548366,0.572022263613667,0.919265129851325,0.886602644561788,1.51290492056862,7.88783230252112
137,30.0282572545015,0.544691008982622,35.2636172509087,9.43258493965387,1.15666935622243,21.6933737517734,94.5635992040317,6.21737398299729,1.39458916010893,0.605499759676698,5.95661449119994,0.57586956095508,0.920319514384819,0.887714476907466,1.56186513732922,7.91422609507913
138,30.3848450264231,0.551468189698884,35.6403848743751,9.42525504080622,1.16893164552478,21.7105474040533,94.5514317816546,6.21942180098443,1.41070135623207,0.607704095463052,6.07543156668201,0.575900724139681,0.917425171373797,0.831519864369011,1.54089636032535,7.91511217432846
139,30.9135463453065,0.553123902253697,36.2076864764558,9.42259002777272,1.16545431217665,21.5043279164907,94.5765969015877,6.20173157833284,1.46477361941867,0.60483113484472,6.07755320969007,0.573053553662825,0.920307207593316,0.710557510530352,1.51127919059547,7.92468304031167
140,31.1851024027653,0.548068644783605,36.3106378355915,9.45220740396041,1.15905861057066,21.5222120856567,94.5743481269437,6.18967509970036,1.45407917356257,0.609108395081151,6.18412049311387,0.572198265320831,0.918162036236992,0.808479475422517,1.51607180637702,7.89195415186141
141,30.9085321807302,0.54596316321028,36.1631489569984,9.41664825784179,1.1669423314921,21.3006540518752,94.5866512874138,6.2066722889183,1.45999043982163,0.605891336456808,6.13103909643576,0.569009561530974,0.917376532299874,0.658354153188715,1.5355026445173,7.90788721708422
142,30.7185619568512,0.55199359762433,35.7474237210296,9.43044282866463,1.18659719077806,21.6884274186049,94.5735860099286,6.20477972098269,1.45713953181016,0.610973675641315,6.11563272523279,0.575299232809411,0.917609526283858,0.842050799637881,1.51064072545317,7.89895826889774
143,30.3540333632868,0.542760158647771,35.5558019823589,9.44614028281587,1.16542449895821,21.673285897872,94.5776699587242,6.20074558820342,1.37915695290451,0.607590272194088,6.0207665515914,0.574290122992733,0.914074621229195,0.837921947124342,1.5222914210562,7.90391561079268
144,30.4621406106341,0.541953473718846,35.6413375506915,9.42771536852827,1.15964132934758,21.5702902571913,94.5897354074074,6.21751821234857,1.38805571652576,0.605264964914306,6.00530791458159,0.575601934966173,0.917189312269584,0.682293766333124,1.53531757355731,7.91731895528457
145,30.6391993347986,0.54421384269245,35.8192554994398,9.44453095791953,1.15899331350305,21.6142104837319,94.5789619417384,6.20111222540594,1.39643530615768,0.605003332498185,6.05818157550151,0.57213181477511,0.916741111936608,0.753249904987354,1.51578863057654,7.90809923906405
146,30.4528002535353,0.546376274638091,35.6427463538102,9.46768814792004,1.17220208158274,21.5590691484883,94.5727082934913,6.20103501819273,1.40934640940359,0.608141845455,6.09588820988417,0.574038473150367,0.916344600477143,0.704336933018622,1.51384214100713,7.90706789221335
147,30.3303248220074,0.551902046229262,35.4629038516865,9.45367354333382,1.16294850761067,21.6284693220349,94.5837640506752,6.21157894306052,1.36699007538125,0.607329899072808,6.02960032570635,0.574724962172235,0.919776738003352,0.70745824390053,1.54366694171394,7.90964989738484
148,30.6384858458207,0.546970294923433,35.8072288322433,9.41106724243986,1.16154488369706,21.5204311559046,94.589702715756,6.20769104595278,1.42655798502016,0.606196155280299,6.10514157095522,0.572808816849227,0.914633729229751,0.710745118013369,1.52281028063761,7.91504247149094
149,30.3881614872303,0.544363699281743,35.6703167444248,9.43128658733491,1.15719361388585,21.6835363075503,94.5797597649194,6.20959618515509,1.41179745407325,0.605763045614039,6.03695191937823,0.576771307617952,0.913054934578807,0.760006376902022,1.50342480861347,7.90346136359917
150,30.6299213784969,0.546494694349764,35.8308813324937,9.45733239366936,1.1605536577655,21.7114282857503,94.5631969174694,6.19339059365159,1.35955959036603,0.604458195110089,6.06990740640947,0.57303866185678,0.92085020392479,0.757002684178926,1.48578301091902,7.91916110282917
151,30.6986030109845,0.545229067761659,35.8353285154412,9.42005067310601,1.15904865115669,21.5797758931646,94.5836707689951,6.20182793672124,1.40806951482687,0.606037339212775,6.06989990001608,0.572173364032929,0.913469850221389,0.777972569837502,1.50570628971702,7.90956229850008
152,30.1298697251219,0.541836870769088,35.2332519706673,9.43338416027963,1.16847563722605,21.8674058791235,94.5697702439111,6.20533722800443,1.3211223912461,0.60674373092839,5.97467531040408,0.572796264111647,0.914429116825925,0.86544540388561,1.54043133202796,7.90776177490508
153,30.4360725217881,0.546221140101111,35.6526111740604,9.41035035411872,1.15799874663631,21.6463450043434,94.5824914451008,6.20972301413105,1.42551756761728,0.606127659852306,6.11434927914065,0.573936808716556,0.918472895108499,0.774591312057668,1.5194600149096,7.92756206716601
154,30.3837841160813,0.547249202259523,35.5844673059145,9.43837778343648,1.15651462517365,21.7171791278796,94.5856394716535,6.19766168834336,1.38661088843254,0.604716101452963,6.0887995119411,0.574863734828844,0.91739442667311,0.752349312795772,1.50819954575266,7.91198762438227
155,30.438021468769,0.546234227387844,35.6234006309051,9.43333605459575,1.16264793528895,21.7566456472383,94.58521614871,6.2031461788539,1.37526490550528,0.607176466771845,6.05405866898009,0.575971430124642,0.920356549422447,0.780550170889784,1.50847038555347,7.91601878973343
156,30.2331879350544,0.542852339400639,35.3957891363969,9.44994973981294,1.1575916624329,21.6304914112623,94.5626492149012,6.21945693801416,1.37932791090003,0.605745035496477,5.99477199917795,0.574721220922647,0.913373259626518,0.696227911172285,1.53615323112432,7.92117392253846
157,30.6221657253509,0.543001631272321,35.8305415740281,9.43767158437911,1.15957756921183,21.5623247537805,94.5758450538704,6.19546523493007,1.39220369710177,0.605892036919462,6.0919300211483,0.57612590010209,0.915812232161138,0.757384491928085,1.53045984057372,7.9161085421423
158,30.3745799669398,0.546467119766178,35.4639431277111,9.43847871440316,1.16725538927979,21.5987027584394,94.6007260069943,6.20608209070733,1.34999225461784,0.608586598636053,5.97445481449142,0.573395204618894,0.915930247081699,0.732396276314297,1.49088441280246,7.92850579051829
159,30.2375708142277,0.543702686501463,35.4533748568916,9.45076012858361,1.1653138668885,21.69422010543,94.5895854346481,6.20504618733728,1.38454478431253,0.606531385109457,6.0268394022013,0.57399074771568,0.917489381926048,0.745108397952024,1.4974215100458,7.93067870651687
160,30.8278622804231,0.545746419764031,36.0131711211604,9.44188476961744,1.15919542416642,21.4961309310126,94.5737860140391,6.20677167748603,1.43889591940508,0.603618677409079,6.17985568552009,0.570636811784333,0.912920060142783,0.658525549292179,1.53524727206357,7.92016672431145
161,30.7120844619731,0.542749115262984,35.9017026468882,9.40140914656333,1.16677134514622,21.5376770706119,94.5725869517578,6.19949291145321,1.37875574297682,0.607155618671692,6.11164268821203,0.574055106517958,0.915413487095798,0.77077285638702,1.48671586486221,7.9247510955538
162,30.6967033154583,0.542156176832645,35.848263714302,9.42497656576801,1.16463724439256,21.5174558327926,94.5819602105215,6.19875492141877,1.36504569045114,0.605428975570051,6.08453929645063,0.570574515654976,0.9181798910985,0.762028957662521,1.5399125887924,7.90872185939823
163,30.3368663081334,0.552694885630082,35.4530109410929,9.44007396579857,1.16186821304761,21.8145935389338,94.5783519766427,6.19949652819562,1.40068788891917,0.606627182166296,6.08982455371398,0.575856333926376,0.925033547668422,0.744793153323877,1.50622779504511,7.92529815394902
164,29.8671869484367,0.54022976070866,34.975871249043,9.4460910867784,1.16423481181527,21.9528998349359,94.5828648729767,6.20561611242382,1.40342805107054,0.607256096400018,5.99687459016586,0.57565921568403,0.91529044452517,0.775339397404913,1.50919460165475,7.92510423329936
165,30.2145674583579,0.544594180298801,35.3202283576888,9.47645078765316,1.17064762750096,21.6564902121841,94.5870766536293,6.18934234801032,1.35194067054841,0.609254254741909,6.00390969522169,0.573193713136509,0.914078538650501,0.763542542096823,1.5166722178612,7.91932302518148
166,30.0043926551412,0.547283567530866,34.9532582873019,9.47997168997586,1.17001496938663,21.8303270212684,94.5664934985221,6.20490526806192,1.38056235359044,0.611244456134082,5.94313177843173,0.578573571212114,0.918094192709335,0.65718010442566,1.50666154827111,7.91160540580903
167,30.7504745160845,0.544881625216826,35.9464070645425,9.43857549278224,1.16177422326386,21.6265566811038,94.5869228553809,6.19189467664887,1.37304000201763,0.607376872600369,6.13416687036401,0.57007994677167,0.916207116346881,0.745452612288646,1.51811957445121,7.90597991310539
168,30.6552902525121,0.544729166833545,35.7818559663317,9.42473269093414,1.17046878242482,21.5606419952957,94.5724563789924,6.19280702303704,1.388746737087,0.607178015550759,6.07687468981954,0.571493775109839,0.91689876196985,0.696648109706591,1.51398380170285,7.91035665110971
169,30.1878794815278,0.545736828641385,35.2698138757228,9.4650262172296,1.17240715854909,22.0465658277708,94.577929856479,6.20554687226146,1.41007389572349,0.610958642060201,6.05883542697577,0.573053922233859,0.918447734373244,0.792201233849082,1.50240362780004,7.92025307116376
170,30.5465897737021,0.540669210309516,35.9226205026174,9.45589778953413,1.15724923761164,21.5440339580688,94.5780507913366,6.2118167078155,1.40131672776413,0.606658467459228,6.11066214139796,0.570602163328287,0.919811488873041,0.705513818858144,1.50404913916407,7.93394268535917
171,30.315162341296,0.543643030497798,35.4565065365046,9.43943451190563,1.1765590757886,21.6035336537725,94.6015104511007,6.21751518294067,1.40396722247462,0.608564645050047,6.08334871763066,0.571263449135336,0.91460382548822,0.740131869564134,1.51310403441109,7.93224308739903
172,30.4006679748265,0.543548262548931,35.6265206927055,9.45576065160249,1.16520716705953,21.6597080511997,94.5778540085448,6.19088116924393,1.35163682177329,0.606526903809398,6.07467774969492,0.575793470186028,0.914820817124513,0.782040015704564,1.49606241908837,7.93076387757322
173,30.3701642322212,0.545631404358698,35.4300548459433,9.48116886319812,1.16781882165753,21.7239178761899,94.5851757134916,6.19557109966507,1.41279117784519,0.610150860528636,6.08935517233831,0.574832219406804,0.916267946541903,0.747652369697792,1.4942351658819,7.90890109999951
174,30.7351651575372,0.541761242365822,35.7261907523507,9.45377619666701,1.17223060329983,21.6486347043356,94.5893746734124,6.17098105423714,1.40377840924332,0.609126483443274,6.13017457986241,0.572389837480774,0.915262230186017,0.739784963174341,1.48522311910425,7.89521208111136
175,30.2347382877427,0.540370265237205,35.4824577754328,9.46272739593683,1.16691697642606,21.8205176841184,94.5831823746147,6.19842759949469,1.33981065505441,0.607318969462542,5.99586920801239,0.571189330043769,0.913398341166194,0.91746809031495,1.49704443954158,7.90745220535598
176,30.2332082694524,0.550137315447956,35.3834600895713,9.46626239634087,1.16030272169281,21.7722029857667,94.5805563531494,6.20166769485331,1.35111194852331,0.607468406895923,6.01010987295472,0.574032192108584,0.919357685231493,0.758644840456238,1.53131331825287,7.91233263691364
177,30.557853548712,0.547842604729684,35.6300857225224,9.46050513628004,1.16715670791409,21.7116764554344,94.5803465914073,6.19138687150806,1.40213066636222,0.609518534120264,6.09801772789847,0.572061772745415,0.916094496207026,0.759090980176729,1.50965964354086,7.90363764822711
178,30.5970144150491,0.545325609365102,35.7106816817037,9.42630383021218,1.16790673459631,21.5851741112308,94.5791616119661,6.19753419266469,1.40585531049031,0.607346986636373,6.12668171231107,0.57309351105278,0.918670690255586,0.740978223191195,1.51041675441599,7.90440475910612
179,30.3586013990646,0.548396969515491,35.5601151977607,9.42439834341092,1.15990165361288,21.5846384267077,94.5677141108822,6.20982097080631,1.42173133042216,0.607369948187424,5.99774467053357,0.573061426118287,0.921255143698616,0.738004149133015,1.53410770466638,7.91664737474698
180,30.7250759650522,0.546363951677038,36.0124734520673,9.42056418848143,1.16155792503633,21.274884534459,94.5993624818793,6.20452656169067,1.37917893882148,0.603995814254278,6.0190550334084,0.572326798724112,0.919481696391975,0.753233548902427,1.5185849850416,7.92171381226158
181,30.7621137046048,0.547399742687586,35.8975273097022,9.4361724097118,1.1690991986786,21.4797231057411,94.5869487664861,6.20311968765535,1.45771493714797,0.607885181022092,6.13062148952398,0.571853612019732,0.916924115739236,0.733645112789845,1.511795865611,7.93527061081712
182,30.7541828333748,0.544561432839833,35.9036592309575,9.41754263819522,1.15770031641644,21.6012676846697,94.5910307676292,6.19499918788877,1.38977909413949,0.607946198793757,6.11616237122341,0.569459320190725,0.915321411022127,0.767505327909604,1.49621869008596,7.91692931403951
183,30.712836759025,0.544929901272931,35.9735532762464,9.46375892034971,1.15936511191008,21.4654099138659,94.5996556927486,6.19660274712797,1.42399895366378,0.605270546632861,6.13681641969003,0.572725594101992,0.915059522321404,0.754192291979611,1.51396631223993,7.92606651196029
184,30.8717871137649,0.540857287009101,36.1872711135822,9.45641714812453,1.15517521100805,21.4997458260187,94.576090102652,6.20662663194284,1.38877952722595,0.60447889857291,6.09552226859829,0.569069352033184,0.915036414513069,0.759289051379421,1.51752023179213,7.91498490638413
185,30.4357885626867,0.545405008020378,35.5371178113165,9.44953200327638,1.16420043715135,21.5152474705274,94.587521272406,6.19844826014945,1.39649507500981,0.606894561944627,6.06612348386528,0.574614380430702,0.922073127892793,0.721594301093007,1.51713994709141,7.9206320029771
186,30.6186567129782,0.544187975068764,35.8048827435487,9.4157976205643,1.16263871887624,21.4980465558273,94.6074655152045,6.20781489496724,1.40113403248122,0.605781340403307,6.00978686675423,0.573601604158081,0.915964480803383,0.800096992263342,1.5044079199778,7.91530014747777
187,30.7225468064268,0.540968679504752,35.9575610892307,9.44919801456895,1.15985454897324,21.395803447612,94.6012979544646,6.19944331925184,1.35508533122737,0.606862879722532,6.03164870193564,0.572004462522095,0.917720716898474,0.859075422348433,1.49950181827224,7.93542436865171
188,30.633751915079,0.541125170448415,35.8847700538971,9.42750132465466,1.16191050498573,21.5214186617964,94.5874236516823,6.20471706501178,1.38832165429944,0.607347228971708,6.0755699105053,0.571709751605278,0.915859003821393,0.754576593437924,1.51359295682371,7.92137830674576
189,30.678959389489,0.546911317278635,35.8530534107582,9.43342450612993,1.16764602519351,21.4862308361832,94.5881246289206,6.19859067981531,1.39311181764115,0.607146796950205,6.09355285725296,0.573303976744056,0.917821794252517,0.796802351881724,1.51756631340223,7.91916158287695
190,30.5948836213654,0.552466069900691,35.6751015919337,9.43870138185859,1.16212306548571,21.5885740523195,94.5872494596116,6.20012222626208,1.42522980227655,0.608879111748951,6.12172603796821,0.569672210381836,0.918209945894686,0.729844627329423,1.53099388646374,7.9130745770099
191,30.3320173133566,0.548272611068567,35.3925332358381,9.42067091131497,1.17657270528733,21.5215728212757,94.5735078505102,6.22483230573895,1.44520251776285,0.608202447178226,6.05012641522343,0.571922652083752,0.918534032045164,0.745800984147822,1.56972446598343,7.92462706776648
192,30.2677377806814,0.542451403081389,35.3323533975174,9.4613769277499,1.16316788903466,21.7342956593855,94.5852587153342,6.20017173531509,1.37808305152009,0.607138478056291,6.02662430712274,0.573402108649196,0.914703829200354,0.740314093514613,1.49227676752671,7.91747416073801
193,30.5916419383453,0.547321821907232,35.6975290817181,9.44773256885057,1.16082445463368,21.5969514777491,94.596814606589,6.20319429716839,1.39741175826293,0.60980755324657,6.05107791286309,0.574507495129858,0.917463858144146,0.747956359389491,1.52199136064466,7.93129786830832
194,30.6645029382921,0.547263887032304,35.8222308093486,9.45413910273717,1.17247290253888,21.6469498696105,94.5740690629107,6.19324902293981,1.40605557383819,0.607765565535729,6.07623863548217,0.573104129384869,0.913493886161681,0.731579027153777,1.51485400020944,7.89482441354179
195,30.4647013538592,0.542477990234767,35.6515385713486,9.42577010657046,1.15808553030351,21.6017607080998,94.5675650970009,6.20750891353496,1.40649742255065,0.606553717977881,6.11213098446849,0.573249575476514,0.922380673686113,0.724075975924304,1.51350828356863,7.91390944527903
196,30.4347375233111,0.54195554709787,35.6431298775677,9.40707825025741,1.16361597159983,21.5921002740237,94.5814202395096,6.20826833671863,1.41728211197698,0.606161143592881,6.07127431574528,0.574057392474008,0.912565636787566,0.712028602503044,1.50959986388889,7.91774790556707
197,30.7445718711757,0.544268573539282,36.1647305521297,9.43923685336278,1.1584729467753,21.2669522750104,94.5784137221563,6.20331300411971,1.42396894876694,0.604532521103365,6.06602271293792,0.572355778218168,0.916433647773986,0.760876524033567,1.55528133127105,7.90084819687897
198,30.7121894024907,0.549119825877509,35.8781898507975,9.45006331229879,1.15780541340543,21.6074260593489,94.5764956234036,6.20149516951775,1.4686241789462,0.60721389323139,6.12078522143702,0.57375350389746,0.916776742968934,0.787849912059296,1.50733209132784,7.90947472165192
201,31.392378141139,0.555099690015582,36.6850267747081,9.36259893359915,1.17060595176843,21.0417953817141,94.6085249823095,6.17359183208793,1.40197477246801,0.606040041900794,6.22045786908594,0.571130131761227,0.921375933689752,0.732324821104304,1.51545804217659,7.87515116602896
202,29.9520509698128,0.540034146269209,35.1153866872957,9.43675117822598,1.1293570965793,22.0354913946939,94.5846768195551,6.25015831327185,1.34337389175186,0.604784564260934,5.8649278178497,0.578175729004675,0.923190602111899,0.728720746734538,1.4848807285862,7.93094787373467
