"gen","ADF","ADICP","aNDF","Ash","Ca","CP","DM","ESC","Fat","K","Lignin","Mg","NDICP","P","Starch","WSC"
"1",31.0747604714721,0.748705990443376,37.0871526655069,9.63777888591625,1.37404676948705,21.4669665963617,94.5819335748043,6.73898016147634,1.90695838436119,2.34244168341175,6.64106118287506,0.324440218631627,1.09895726780938,0.317269563659721,2.29578206830763,8.30501439389663
"2",33.3569604612294,0.73224213081943,40.1156375359732,9.50085005810009,1.31977366596782,20.3740170239612,94.4469117308561,6.37132028386909,1.83517397450316,2.35108881252799,6.807859420229,0.304758922956599,1.15970802398381,0.312068984072751,1.87620273913903,8.2386173255366
"3",32.3295094796587,0.726549049224644,38.808797062915,9.63441018742636,1.32134948679972,20.7894520961527,94.5624202448929,6.57722906072229,1.86267340984672,2.38358800005614,6.69481873449855,0.308172731975935,1.09005555367797,0.310910621450381,2.13073114613591,8.3523525406771
"4",32.1808982055956,0.742821214960011,38.1215698370198,9.45219148545603,1.35032944173356,21.3303821877122,94.3801347701509,6.63747944874029,1.87749818642987,2.35767118693363,6.60174984323949,0.321663031136283,1.23135129804497,0.314308699792663,1.79094235039319,8.49658447716327
"5",31.7554986349176,0.733601667521441,38.160438736846,9.37002506835205,1.33073389210943,20.8414600620376,94.4230186679012,6.66085294791267,1.89274847585213,2.36519342306266,6.53004750411623,0.309506206811336,1.06499665496072,0.313647655139447,2.35057735552277,8.38780638517103
"6",32.488673480511,0.733878723125498,38.8774594084655,9.60215604151012,1.34451078761574,20.8871299051468,94.5856055251349,6.17132721185811,1.90038979906032,2.40302691047538,6.7542815213269,0.312710885305763,1.14178929314207,0.310193678866776,1.60810915010905,8.24709731950645
"7",30.7401764838032,0.733701153754017,36.8291280127402,9.50783337081911,1.33745165555003,21.5247886782045,94.4847170072589,6.67777742788674,1.93042391459005,2.42792074176226,6.50029396877354,0.313956320599317,1.07766324177959,0.317645969542236,1.92597209762172,8.36062732888557
"8",32.4614212472365,0.743325410424443,37.651069510622,9.53521485498589,1.35270735148695,22.1572927714782,94.577037316227,6.16470124568285,1.91840516051527,2.44710186425103,6.70018996791955,0.315264229010614,1.14754836352244,0.325415364249084,1.29525705560785,8.14295416169554
"9",31.7246348748008,0.740740982492758,37.2357016253413,9.68911257522395,1.34496045816349,22.6771943321835,94.5118643821545,6.18235292728789,1.89760327039503,2.41157103150846,6.52223706723541,0.321230315722043,1.12537847575899,0.32863050083412,1.69635102208128,8.2963735119933
"10",31.4124328431041,0.735920865461149,36.7562856196414,9.9155599691507,1.35736363990839,22.3444447041326,94.5653556810425,6.00557918126384,1.96389407944326,2.49939401273843,6.48330743469646,0.321220743226938,1.20044720149616,0.32646709377811,1.7078313735388,8.11797942242606
"11",31.0866962977129,0.742827086979281,37.6598210171421,9.37821376535182,1.32557575633282,21.4833236996585,94.5683259399337,6.61697551651864,1.90373450590262,2.36534187498218,6.57903573478854,0.311529723155652,1.08067401490333,0.322774874462824,2.08586538241859,8.45701415487461
"12",30.1784228956099,0.716685470373774,35.8507692922216,9.61070959089664,1.3158767631219,22.7637790934253,94.4322104808265,6.78080884485164,1.92185197606189,2.43350045833342,6.35720715295447,0.316044035268372,1.24489854917185,0.334137338773608,2.32231373756041,8.39077204240426
"13",30.6881276011207,0.730194178173001,35.9148485505036,9.60556248615179,1.34360984949945,22.1750986874528,94.4914914821052,6.71207849978364,1.96213987421661,2.43408800566263,6.41805226666629,0.320330500267912,1.13011191886802,0.325950866353832,1.94787196537253,8.44001046415768
"14",31.1578504008911,0.738885526558813,37.4740950115333,9.69909683123257,1.35100604056114,21.818664118169,94.4556569729568,6.61712030954691,1.90951960327436,2.38118878239731,6.54880538473095,0.314229562708297,1.18397688289845,0.318677774115695,1.99134697825127,8.31627113304963
"15",30.5909763087061,0.71968058216233,36.4178510263023,9.49867112390649,1.36910069498986,22.0846226414716,94.5078740793138,6.65082722234388,1.92438633295968,2.3070816499604,6.54511990184898,0.32207384604546,1.06419077732228,0.314873455562388,2.05518825394621,8.43087368496972
"16",31.5046097850124,0.738246079000974,37.6147718617662,9.51144843615787,1.35838809944196,21.4358709039215,94.5645148153394,6.54866994202317,1.91375428812341,2.36423780542146,6.55430772719355,0.322173270223288,1.11696098576601,0.320638409079697,2.13941380231001,8.460160799177
"17",30.1340974067033,0.729322701651983,36.0980521933696,9.88216278956819,1.34254720026727,22.188965358631,94.3450860088164,6.73006496016477,1.95068272973491,2.43097760391771,6.42673238644243,0.317050005005392,1.14552720378087,0.318568359891878,2.81989639469105,8.3462094158967
"18",32.0916927826287,0.733780009412051,37.6662791675603,9.609857204066,1.36478487708617,21.6762242651734,94.580057482983,6.29669727609031,1.93900929967509,2.35357252972637,6.68578502845706,0.322122711885848,1.12182412782963,0.309878857350568,1.74260819414412,8.33602498675501
"19",31.1237190983802,0.721952787238765,37.2412751261795,9.89491932432776,1.33072776981239,22.3013607217099,94.4297993531337,6.26173092037431,1.94723435473328,2.42133038856783,6.48789201700656,0.31695639223486,1.11824108513428,0.322687566628008,2.10472848102857,8.21992869061718
"20",32.1968998449562,0.725305725657254,38.9522911957426,9.49827860674018,1.33654794742924,21.7696186782236,94.5203226135222,6.59380223373774,1.8880022056469,2.38665529084018,6.69867902628896,0.314323300677792,1.09151036833778,0.321168490145054,1.88345575395899,8.36849520566145
"21",30.8575999200651,0.727511821327262,36.9050624003264,9.53911934307157,1.35260391622642,22.021778391568,94.505908917678,6.46433448241162,1.95440398713198,2.4187607521722,6.45686772199833,0.321423706978818,1.11758114362165,0.321407602653394,2.02027297445274,8.4210896139502
"22",30.8064163915071,0.729509186176609,36.7456377052667,9.77036844155178,1.32298536658515,22.1296083484092,94.4345489411945,6.64644891590367,1.97761621581607,2.32675650576839,6.37122490051891,0.320340052828024,1.16988395397008,0.319798197288489,2.47016796650396,8.47825130654102
"23",32.2515516549812,0.752593582222507,38.2004922002479,9.74051566618263,1.32694468930503,21.5068098111804,94.558979609442,6.55950663823862,1.86278466687087,2.383404762198,6.73690729468403,0.313443298599304,1.15404461730347,0.318082232666848,1.74801919796813,8.27861971627074
"24",32.5822738378614,0.748062284697191,38.5763963636797,9.96198348785603,1.32496736812169,21.8578542907144,94.4646675584107,6.4279291771965,1.88975774194411,2.36808989606762,6.72762413104603,0.324765178076526,1.10648000983732,0.321501364239653,1.91915168381337,8.23389212600925
"25",29.9033480401058,0.738400171998273,35.292276084871,10.2555988267497,1.35650629333552,22.0223963104106,94.4765536252138,6.45629638673612,1.97071301238397,2.38191170285811,6.38403144867624,0.322113129662573,1.12860068367829,0.313924166078875,2.34442245235561,8.16380082188148
"26",32.8669095618739,0.737690998448586,38.883340207755,9.11311133512992,1.348813413748,20.879667747809,94.5168569282175,6.30016433359614,1.88966274008555,2.37976478438785,6.72896630050295,0.312057468461481,1.0975631668612,0.312855334518669,1.66768009887368,8.26091075300995
"27",31.3783898373209,0.735291216921656,36.930824888929,9.53577029338987,1.34913899920699,21.7493040525425,94.5513925615111,6.56201018774124,1.91876802773823,2.32456354722662,6.56651618833795,0.328680891773341,1.17373532221911,0.32143364267762,2.20883339686603,8.40974825890404
"28",30.4588898884484,0.733873317321115,36.109016996636,9.73063301046031,1.33886957081745,23.7114544960455,94.3149920807463,6.49960593002495,1.94589628128699,2.48212597375148,6.2621676867188,0.320424691040191,1.24339417124007,0.33655384705775,1.54511502010839,8.41672413671462
"29",30.568781141665,0.732356462444005,36.3029372739541,9.40206467970175,1.34461981227287,22.6522433687119,94.456738591305,6.66659771283083,1.95500667405987,2.38309335466784,6.37379984438885,0.323079905760764,1.1748780146594,0.328115796661819,1.6863372746478,8.48341793426077
"30",32.0413938340281,0.737999555245042,37.998908984312,9.66305222425976,1.34229928065299,21.2542265925758,94.4655307408147,6.65947955465949,1.86068579264474,2.40189644957777,6.54554338684457,0.316369396099088,1.11846783960932,0.316649502359864,2.32401884520581,8.41541847952395
"31",31.2683640481426,0.74381736125184,36.9675455469953,9.2919016440449,1.3508005458574,22.0351844358348,94.554556132572,6.54934789214561,1.92643750914762,2.40128557213128,6.49495921930714,0.327185831057839,1.05212297373264,0.327035732520926,1.63144973548568,8.32860925095958
"32",31.91940364234,0.743599623436396,36.9671900015158,10.0183323273539,1.34530535535996,21.7138587191768,94.495801231844,6.29450013534689,1.9313683493556,2.45010945696928,6.60550659520767,0.320846156806154,1.15910266130595,0.327614176085925,1.86582993608969,8.0751631572115
"33",30.6129979652856,0.729275164341473,36.4623532943605,9.71348468305235,1.33927859056115,22.4859583357009,94.5304864364155,6.23793616406352,1.96918234891407,2.44863764674763,6.4896919384052,0.319730435984112,1.14102192798587,0.327806731523323,1.56494621272994,8.1551553531937
"34",30.5938993363901,0.734298401444984,36.8146986108633,9.94033659276371,1.34914940387368,22.6691792036518,94.4628152075262,6.42127399902687,1.97114196914942,2.37759683476881,6.50143985021273,0.32274575691603,1.07780635959721,0.321317494512053,1.74522250254116,8.29211691608598
"35",29.7715978264968,0.744533199085204,35.8346318613696,10.2798924537961,1.34652457314401,22.4990543166251,94.5410792997895,6.68074443743742,1.92971320582326,2.38092341799983,6.36055898026108,0.326789612196798,1.18350702957867,0.326084021283991,2.29914488821833,8.3540069540796
"36",29.2711771952922,0.722528069844174,35.0588002045815,9.84667522913493,1.33743204252235,23.1714349315454,94.4794950909691,6.45201538577751,1.9848343570237,2.47886342206208,6.23083177352211,0.325216966508418,1.08803488799008,0.333164613779407,1.53926420729395,8.1783718744146
"37",29.6419368112555,0.741650880995546,35.2069981425877,9.49680840801111,1.33660521532994,23.2332978717144,94.540310545986,6.34343635169276,1.95646019430879,2.4668758107068,6.44511101092695,0.322514914608782,1.19041381972462,0.332925087587967,1.83710463436343,8.35644324062003
"38",31.6553407541877,0.743709676556248,37.6878410535613,9.4831473104729,1.35208706607797,22.1456036482148,94.5699574704086,6.12967257906881,1.97635291334291,2.42936117022229,6.60882511168258,0.317293820388347,1.14126366304114,0.326268154523681,1.63396020192511,8.25019238657235
"39",30.9908136042807,0.725947276791957,36.9254822616674,9.86787319973933,1.3211033855303,22.4003076627209,94.3973236706406,6.20758190526992,1.95107667007586,2.51452377864621,6.45639095430665,0.315179901019483,1.14381001782871,0.329519974893848,1.72515756353133,8.17341867123717
"40",30.2099324406944,0.716361744815128,36.2151727779783,9.80174592762056,1.33310134241433,22.3693361876842,94.4872574981186,6.23468801220038,1.96055588149845,2.5500689461754,6.39144132112084,0.312443669208948,1.02852745113929,0.322093428116289,1.86934156620093,8.19285160595313
"41",31.9407336063565,0.730722453786254,37.875433811083,9.51376769734267,1.32665946674132,21.3973497391471,94.4410647041422,6.41123367117369,1.95579414881815,2.37856942207844,6.53689483361821,0.31366456334496,1.15034743685864,0.321629381798535,2.01137603167656,8.19855622285497
"42",31.3380760380441,0.722371516076322,37.803986889206,9.69996296635547,1.35229222426575,22.0893720243798,94.46513252223,6.29719000860652,1.96990112662996,2.42256429082179,6.32490045562367,0.322674110912347,1.13005041970046,0.33227039003484,1.79363787428049,8.19125458543713
"43",30.3545455344073,0.735974606951514,36.4023657819145,9.87471820691687,1.35486638357973,23.1874776033057,94.5053165942906,6.44667590534533,1.93695900013394,2.3003651751565,6.38826404181241,0.329155792830805,1.20263631039137,0.328821803519196,1.93722579934688,8.46040944995736
"44",30.2010568101664,0.723070693211251,35.7297919624727,9.44067611496484,1.32968922494355,22.4817100816055,94.4374777680738,6.62511204460981,1.91223435514618,2.47306166236849,6.47881175548637,0.312674129282261,1.09574059543652,0.324053077496945,1.83722475118915,8.35589600453792
"45",30.7319817651006,0.744663828898986,36.5016691130449,9.71974098593599,1.33409359266201,21.9249086479143,94.5245553294314,6.65152339794332,1.89885129785116,2.40492398307212,6.65286452202053,0.315601302905777,1.11891120719393,0.321703161499386,2.24316493184216,8.42528133582189
"46",31.0096471473271,0.7297255938455,36.396291335839,9.63545871658458,1.3584322212779,22.3927431712505,94.4774800450199,6.47139628624675,1.97766071102288,2.42980556829822,6.38177702019558,0.326910091429849,1.18415324532112,0.324511675411193,1.72084555964541,8.5299998215562
"47",29.7772936023503,0.71706910241117,34.8583829783042,9.64853482697574,1.32820017130156,21.9145233094119,94.4339324055805,6.7900391850056,1.96260758546519,2.41878600193251,6.3125719359921,0.319674909624477,1.11722962385862,0.324911508382503,2.35193744482515,8.44861075656232
"48",30.9976949610702,0.729087874909959,38.301597212626,9.25065418711439,1.35684669507536,22.04660269419,94.4277363879729,6.62986586214989,1.95839591713338,2.41756336966461,6.4043831369702,0.322248669487419,1.14348312926191,0.325223489248797,2.29455037895843,8.3521822300971
"49",31.5713227428872,0.75302989689798,37.1957560885276,9.7549154099786,1.34539178987658,21.82036451809,94.5675776708874,6.35873392527709,1.93995413012607,2.43600648821818,6.58458361815411,0.321640073820255,1.13776280395536,0.323886874586451,1.87082640557194,8.31711900074608
"50",30.2838429442065,0.716050695485085,35.8975966236482,9.78563740098379,1.32990592541639,22.4809514078357,94.4673434854896,6.36357396501926,1.92268159817528,2.41467999252813,6.43079574370293,0.312410292506667,1.14615054695002,0.32784219115896,2.0349514911089,8.16177663054247
"51",31.2162145584535,0.722329672990132,37.3261365185258,9.28495562952075,1.33833997049642,21.104083094401,94.4738626597285,6.58083313991192,1.9334452183011,2.32383541395326,6.60632793948502,0.318505685094267,1.06304295534483,0.314571018938883,2.0654445256905,8.32840257638307
"52",31.937090308662,0.729911185448007,37.3442987509772,9.39442291387217,1.31601566720296,21.5468047465247,94.4920878368267,6.64881782171352,1.92198509434266,2.36296906011929,6.54158942167773,0.313870644532317,1.11575632263924,0.321961411929326,1.85644652439109,8.4742220863969
"53",30.9833130050171,0.718320354418223,36.5819961574917,9.84557063709613,1.34340733525026,22.5222316421573,94.4167929961796,6.44975037634739,1.9356205084833,2.41074944677593,6.48679156870398,0.319743102868765,1.07126551750143,0.323211089692341,1.89245758882962,8.50107041556006
"54",31.0782210823702,0.746986611627035,37.1583772822759,9.53433392492651,1.37090673814734,20.6844244040105,94.5191615565033,6.80420062460431,1.88994978518317,2.32390511672168,6.679237107886,0.320902131725813,1.16757171354184,0.30619489771893,2.04614164657981,8.59304015664002
"55",32.1299435206527,0.723170914955632,38.9880357030493,9.82834713452236,1.33090918213017,20.8935268343596,94.5641000476985,6.5464675311994,1.87449565775982,2.3643860493808,6.64360714076927,0.311981813865566,1.03050851364334,0.310400447973829,2.0736070260382,8.31517032027844
"56",31.4702228573445,0.748671374402181,37.4050945113925,9.61534702667913,1.34103254996359,21.2497400202523,94.5129182297435,6.47743373611435,1.84956522484084,2.36810642112578,6.60848277535567,0.315996588262699,1.27082467240741,0.311842715539828,1.82602183389449,8.43161092202527
"57",30.5552462720436,0.741622503985419,35.5591653209479,9.64078582696986,1.36100100498721,22.9036708703652,94.4792603412673,6.43185459533387,1.96723061357288,2.41439620671892,6.37378787211976,0.333605169677729,1.16511301959142,0.331483653129444,1.42933895590786,8.3456430653386
"58",29.6804756904686,0.720172768926508,36.3515111275971,9.59682119839781,1.34152280357654,21.840657229394,94.4384561497383,6.79546610585398,2.0244196730186,2.43465160686796,6.26858269443582,0.322543475407123,1.16088863998313,0.328703090102222,2.426669510487,8.46555759769567
"59",29.7749866398603,0.726211337682078,35.2240295169074,9.90942519303455,1.36267714513955,23.082284993006,94.3951502272039,6.5294158406272,1.93962898082224,2.3866721740823,6.28657571489147,0.331275179136506,1.09215805291113,0.331202300247294,1.85386870518164,8.21352825419029
"60",31.7459211846742,0.732278409211838,37.4216508838294,9.70828027281993,1.32072190879976,21.6892688891222,94.3987967308467,6.52877201061738,1.91491071179029,2.43437882612352,6.54657277619798,0.316251714824322,1.13980195889219,0.318041438483227,1.9999735694252,8.29739428359228
"61",30.5365620663161,0.742991321537476,35.6886640294164,9.97794394790855,1.37032333531429,22.5350575084395,94.4387274188346,6.70222467802766,1.92359089972907,2.30809862477698,6.55999328901297,0.332599002112476,1.16512615432486,0.324380288041535,1.6675610572878,8.3193505972171
"62",32.1273142673127,0.745011046738884,37.6375525124148,9.59399641790319,1.34981539243876,21.7702942922872,94.3776323268446,6.22303541087013,1.9262785969464,2.36406464629051,6.57359896019846,0.314981631226013,1.16256161070437,0.316837462016466,1.97608043443306,8.3288879251399
"63",31.3936391966609,0.727468095283189,36.5243617501347,9.65699116026521,1.35119814461061,21.5382815481258,94.3668182591925,6.56485945738033,1.95149495405479,2.39107248940233,6.54502232165357,0.32212701785077,1.10570824495992,0.327563913512703,2.09012295992145,8.28542563178346
"64",29.0222255354134,0.720303044283909,34.462747200654,9.85012101110812,1.34396648723818,22.3578541662882,94.6292222935155,6.89544859474728,1.98386982506344,2.45274522433755,6.36237287098476,0.312380364604972,1.1232162557284,0.325872916763754,2.93875389203069,8.58622234798919
"65",30.1150125267388,0.745620204510589,35.9422234612714,10.1743524655712,1.34792150529674,21.5740264520294,94.5154585754936,6.712170451623,1.89773510819278,2.38512993685221,6.63859850327675,0.320348379604888,1.15015486005411,0.312654609015658,2.74002466206797,8.34183764213849
"66",31.6934431389445,0.751464059368038,37.3511452835189,9.88423109412136,1.35619871029383,21.7628869637392,94.5255543941798,6.35708718646025,1.87833001518666,2.34829620822918,6.67280486261011,0.331272885430836,1.25445097316251,0.316970462012783,2.27937746478222,8.30121507135804
"67",29.5502285818399,0.696918301931803,35.4393845308638,10.1408071122249,1.32949151614039,22.3305477860872,94.4599831222628,6.51325694687024,1.99609205549706,2.4306691531162,6.373362032893,0.319091741885529,1.04482091392226,0.321910813322436,1.82523316219915,8.35631118152232
"68",31.8636700361656,0.761533866845467,37.9418940555078,9.81149170903178,1.32109365593021,21.9229607571933,94.5664151557539,6.34944947296524,1.89406495712878,2.38946779182536,6.61855492474149,0.324642433396406,1.18198663454508,0.323185952223826,1.92686857964893,8.205671301987
"69",32.1701441698171,0.746542486128216,38.2724773419636,9.75854705340596,1.32330248266451,21.5542812879212,94.4734542337504,6.40280495868338,1.85198361717919,2.45609121128936,6.68381004364919,0.309856646093259,1.21147337038377,0.317744914423733,1.93282941345678,8.37977441809655
"70",32.1160610136751,0.742625333416094,38.9476525908552,9.06095948911005,1.31170734763139,20.5907443856897,94.5245462046065,6.7991458643559,1.89160047629046,2.36414164097642,6.62731100985201,0.311966024894217,1.06107987170364,0.310866915444196,2.01520042958431,8.50447089174372
"71",33.3657449968185,0.744182438518679,39.2025190779643,9.26832781759723,1.34740104923271,21.4673490081788,94.5834100334702,6.03980925500197,1.89664709154246,2.31144288019631,6.74315714158501,0.318575536968554,1.16036158667198,0.317600901293149,1.71568977977829,8.18171357152437
"72",32.9934320202436,0.755706678033863,38.4930524174816,9.68584822760365,1.37747914403898,21.9745973042621,94.6213785657814,5.90703609015827,1.88653374228667,2.37776407482211,6.75976451958972,0.325103121434719,1.21572144747583,0.314225053561675,1.50133624774863,8.15632489402973
"73",32.2506778529881,0.72151180557792,38.7156555425186,9.14113046417935,1.33225677097307,20.6422648992366,94.5276493255994,6.55871255396328,1.88374604199606,2.36837621213525,6.58640740300095,0.309485571940204,1.08206185073001,0.309870646690475,2.07693458304858,8.45454712322351
"74",30.2439804205133,0.745958456103854,35.5403110057225,9.81706161946918,1.37364666706906,22.8821847253492,94.5732739014537,6.38174564194181,1.97117761300963,2.43227219432721,6.40316463320153,0.334103923400756,1.14992501205831,0.330273884961411,1.60945819066753,8.36439270977314
"75",30.2792508055107,0.742987144969273,34.0440324055328,9.97423756888235,1.37044605627242,23.1167259586633,94.3221036415681,6.46322500762544,1.96596163003827,2.40759489815769,6.3333833483532,0.326822816054944,1.19897723350248,0.334244764659,1.8598419268791,8.39668586389895
"76",29.1036252572023,0.741590100697883,34.755165184377,10.0322541817816,1.34570176300818,23.4354964880269,94.4456553842157,6.63056711792691,1.93779856483743,2.4432114511362,6.31299247145583,0.332309658464435,1.13033338104427,0.329371023849137,1.61134932821929,8.2316295462
"77",29.3698819417627,0.731499217138468,34.9060441277017,9.89172430161185,1.34693075967988,23.1251105303285,94.4939746505495,6.54397900569551,1.94676271737491,2.49435930604531,6.35237804375099,0.327072751358518,1.11033890428677,0.334138396737426,1.72938090057665,8.43363580782453
"78",29.808569261171,0.735915668175219,35.5852460963647,10.0747915765036,1.36091452995347,23.1790026469436,94.4401437675877,6.36799314996878,1.96367118950002,2.42231862743548,6.32239304739517,0.332239810546224,1.21189604517048,0.330011278043748,1.65363409316175,8.23252074142644
"79",31.095603474079,0.748000401290519,36.4607884555928,9.99824676824401,1.37562379295329,22.6957009598741,94.4593588150532,5.9854398387661,1.92569585351976,2.45622501214584,6.4648549223317,0.334772111971688,1.13872420727905,0.334262904939815,1.41626602175834,8.05895629114966
"80",31.5881300888714,0.74274789615464,37.6768122784495,9.86769450598636,1.3403649211436,21.6308690616959,94.4618977670724,6.20274965698242,1.89160143298506,2.38559899451812,6.6318137907494,0.319043206072278,1.11033010194905,0.317041743171063,1.9871608281963,8.18971696600616
"81",31.9201323684316,0.75296270368484,37.8554206050332,9.74780714695774,1.32961069764187,21.7479535981871,94.534900166464,6.26454316045387,1.92128017006725,2.41360181266324,6.61434525406365,0.315666769948407,1.11997635417382,0.317272279744171,2.24415538526898,8.24207526209706
"82",32.2045224010123,0.723939847560201,39.0265270779812,9.2613927216782,1.33803823437202,21.2288742755327,94.5017140846261,6.36663098813113,1.91108312945453,2.33943662131661,6.61786853511857,0.310915634882053,1.08160519075622,0.315990042726827,2.16966407642093,8.32352214378606
"83",31.1483945770321,0.73451458777825,36.6542430420038,9.895472728406,1.3427894247691,21.5430143000013,94.4895210487032,6.33930297029878,1.90540150738228,2.41061012391036,6.49762696824033,0.312891080723066,1.16351806259879,0.31732981926838,2.23817975539895,8.31687082040265
"84",32.3217380552351,0.742954724938398,38.0807015360914,9.62145194263668,1.34352505863974,21.1643020212038,94.4712748356045,6.69257757312255,1.87829493802085,2.33921957369669,6.71812316834925,0.3211170997661,1.18217731537763,0.310733704026631,1.9438769159434,8.37313457284344
"85",29.9504834822344,0.732344333254883,35.0555447430107,9.7143615848803,1.34814091327337,23.660851899514,94.5195289944736,6.38005942656586,1.96766249053182,2.45409854847493,6.32993788570035,0.325254215649084,1.13787892814835,0.333938126902437,1.53904175628927,8.28578423734238
"86",30.9417240046284,0.747858163719648,36.0987972840261,9.83347581092826,1.35517280032949,22.7049726364631,94.4675448104076,6.56099678371079,1.96063777100527,2.39916065262407,6.47482881505762,0.324326961336081,1.16160026301869,0.330458841746967,1.54007786223304,8.3797281811692
"87",30.8720204983935,0.733278398227598,36.5710126186126,9.8322650840466,1.35147788555497,21.9045805014506,94.433672307951,6.52055415326328,1.9044315170798,2.34904945935349,6.55644665382522,0.319370891349732,1.12469674252172,0.319332339378788,2.30253130173125,8.37985886687986
"88",30.7784911344836,0.750409240360339,35.9851352397167,9.83479860923889,1.34205808711026,22.5628356885492,94.6202896139515,6.27544309301413,1.9319687272756,2.42613794748739,6.49615953052265,0.322929166252831,1.13710389760519,0.329177801441899,1.9031356565393,8.25691060639046
"89",31.3659230179197,0.73657557229266,37.2732429747138,10.0493489957639,1.35851266953432,21.3578440074757,94.477480211513,6.41490248852592,1.94985275328842,2.34063369193843,6.54224723492116,0.32402718752426,1.13420291469435,0.32138852575234,2.21887000746614,8.34907607559872
"90",29.6486357075878,0.723726322339533,35.2491570620283,10.0020728286912,1.33834150063637,23.2490295642821,94.513893387553,6.53181335729577,1.99932580961462,2.46704005596006,6.25700002192734,0.32042774867524,1.11860202025468,0.328498296652252,1.89732449530545,8.4183717078244
"91",30.3084603437898,0.710272618909861,36.1184834779313,10.0189158653175,1.3698023591886,23.0885957411826,94.372155751067,6.42407548454527,1.992661552578,2.43391785787704,6.33812042155827,0.330275709684289,1.21452614546437,0.327617925976693,1.81247825317547,8.31995213658533
"92",32.2449716695481,0.721557257753973,38.652324582874,9.22784826219556,1.34560606158314,20.6815829422708,94.5216007824201,6.53914464118865,1.88081726118108,2.33249679702616,6.7059866808363,0.316404478764992,1.09648112159591,0.308068657192871,1.77320637336889,8.27180279170375
"93",30.5054267097199,0.737092936922959,36.2735434837165,9.79908842933877,1.32574817334702,22.414171785849,94.542757308124,6.32120117314403,1.91641954835161,2.44857724922387,6.46329787137287,0.315347410541497,1.08914460572192,0.326722274799465,2.07759556655834,8.32684101926068
"94",31.1366708792866,0.728652318500143,36.9524327730349,10.3369286505974,1.33350264131001,21.4175355596534,94.4219843329596,6.52970932216751,1.91538712019457,2.35845309412862,6.55799598280068,0.31909973080687,1.08771454494219,0.314288585225677,2.1340045006844,8.31600814152046
"95",30.9389865306706,0.744873074485825,36.2937558061879,9.88574295798662,1.35888975496615,22.7805382496566,94.6035350917568,6.22339896729094,1.96001289841325,2.36211094883382,6.43193010102929,0.327790998149226,1.16031246244333,0.325235386963374,2.24899340561478,8.25233885449727
"96",31.7874157647322,0.744033968919094,37.9317597623806,9.58772941838703,1.34488586797101,21.6787635833461,94.5483337342553,6.47220236985564,1.92373356654725,2.41226295580157,6.55587298065695,0.316876792634185,1.14894219736898,0.320278142255968,1.63498119668834,8.37288572486665
"97",32.4624956955014,0.747112811393001,37.8580590440396,9.66893061088012,1.35915942322151,21.9485714822101,94.3923957938979,6.33293618365182,1.86955742170109,2.38515274462028,6.6619026290182,0.32707010302054,1.12788887887877,0.32584324247379,1.46241340006821,8.29325061067773
"98",30.8904286036043,0.735225914507996,36.7282689724879,9.74385172137321,1.35082172978262,21.8066290537194,94.5433798795598,6.73799900563575,1.9112629811402,2.42663998608254,6.51535792676469,0.31780239390298,1.11354774017921,0.319464181948436,2.20190463201484,8.32588464130748
"99",30.8499979559598,0.739268122946553,36.9133799800867,9.97278799898978,1.35712686816571,21.8469253262226,94.5769323688116,6.64810395321087,1.87985516581369,2.34462103556196,6.49340113732734,0.32180759784644,1.12701797669062,0.319398397698213,1.83699387845202,8.37943877947467
"100",30.8108527660759,0.730769179067837,36.0795330987422,10.2200025453907,1.35226440767548,22.4770444727599,94.5119430363819,6.36721527032839,1.94562019725792,2.46065280989201,6.3507478622737,0.320958750309536,1.12367955849904,0.327295331806908,2.01018981803766,8.32113213997677
"101",31.4693380665891,0.743690793991933,37.3269748635842,9.57251866258624,1.34406008529789,21.8302090281062,94.5309168340567,6.41271201283172,1.91431532658868,2.41914173967567,6.63010833674761,0.316196590029381,1.10018783651586,0.318516419427874,1.95918654470197,8.25720303213276
"102",31.3845786343276,0.733792430520619,37.0406110627733,9.81684113242628,1.35750338239761,22.1465446516673,94.4866030791894,6.45649557949664,1.85192404648935,2.35994285129506,6.59779516389542,0.323417343484886,1.12421308110908,0.319163493941314,1.69290793130071,8.15187215882243
"103",31.0822557161357,0.72450270928186,37.2404799247629,9.29524651160195,1.33846292881711,21.9035386582897,94.5168166500198,6.51046396286764,1.92912779839191,2.38207988582492,6.58056642446513,0.312303570957385,1.12012206533568,0.320792722857475,1.69641834769598,8.23401683513568
"104",31.2051721162743,0.738858893170054,36.1517142545043,9.86437815993901,1.32932012741244,22.868375372722,94.5669407171718,6.57529936380501,1.96774299316879,2.38016112066563,6.44283596524813,0.328234908774523,1.20123028039799,0.323508314188721,1.40729675379169,8.28699280443175
"105",31.5191009178147,0.794848860003704,37.5110349131777,9.31347613489293,1.35095743063098,22.0803980224251,94.4140943428554,6.26656575257648,1.97733937059452,2.32171626161235,6.53999545657021,0.3306738128712,1.24322093404195,0.322199620743491,1.51229788113163,8.36281755401553
"106",32.0416391345643,0.721671501881557,37.8066156566748,9.29000920792994,1.31621893422633,21.6162550597231,94.6216851358083,6.44629318839997,1.93580752939959,2.41442950084547,6.66827330901436,0.308140055665683,1.07634381295333,0.317225149486122,1.71052623060387,8.33707265413893
"107",30.0778791103272,0.748186314132966,35.3078065925542,9.95343258132113,1.33911487871107,21.7229955580935,94.3684498326281,7.04087271746952,1.93073350645377,2.27855823434083,6.47598915568145,0.326845394928782,1.1228264897852,0.315558178802417,2.31097679151215,8.54547911309891
"108",30.3644180275999,0.731572724152851,36.0712218595207,9.51328990789946,1.32975375427054,22.30743911307,94.5557364898871,6.83645291113985,1.91349234132914,2.38478636021214,6.58300181762846,0.317263853045609,1.13061403041342,0.31691507063972,2.45456035863787,8.47943587156159
"109",31.3430968103188,0.74141702755731,37.2494332149372,9.78617011922025,1.32935692294136,22.2341339609914,94.6267248628536,6.20117860561134,1.93679424361687,2.41498130578316,6.6631602313591,0.318303391948078,1.13869024575369,0.322193088014621,1.77272518722235,8.26621461453355
"110",31.514555758477,0.736981528599186,37.1250035838967,9.5746230455308,1.35621232632115,21.7123089506744,94.5180771766696,6.60902964960149,1.91000235314552,2.34147507024074,6.60795764497453,0.325523001202612,1.04977666219619,0.31417965443885,1.69036344810508,8.2750529118353
"111",31.0836611854709,0.72687220400237,37.0790766463022,9.31117862497019,1.32243951657549,22.0080465124682,94.3831196748519,6.6124348047727,1.93528310871338,2.31859888231301,6.54244803324181,0.316042378643759,1.09801768866634,0.321861795237521,1.90907726837088,8.31903921079518
"112",30.180619743495,0.709401780933645,36.0927943018877,9.45478542609639,1.33968232408958,22.3324053449432,94.5000798700109,6.50452196561397,1.93936909788797,2.49338973956394,6.4206686903596,0.318212309293479,1.08425185721359,0.326457745981631,1.71864538556657,8.3639206062735
"113",31.2498092751244,0.71983810225623,36.9873377528066,9.47965511353544,1.32060863928516,21.5910650959358,94.5147619207084,6.59901030480677,1.89918744336443,2.39397959857844,6.52624450508298,0.319597147999368,1.07141525520211,0.318800690081576,1.64827385908377,8.34554374206636
"114",32.0710958687665,0.740767619355481,37.8072256893577,9.61042221256113,1.34888080422904,21.6713656062479,94.5791823099084,6.14638169544124,1.89611585033304,2.41185757512239,6.74342531067523,0.315582078863497,1.12016134104963,0.318319440364768,1.66480832072299,8.20477454872872
"115",30.7316333195975,0.738675821500727,36.3245236316484,9.30612591674611,1.33651223481891,21.6405583312334,94.5420035833758,6.51870319746016,1.92371152408242,2.43647467150262,6.53403583316556,0.31431834000653,1.12302935435169,0.31511765687767,2.06687050859355,8.37152095318739
"116",31.0352810649203,0.736067577392829,37.0378074270223,9.4623034922097,1.34198068541768,22.2244303257343,94.5172262637611,6.40731676410071,1.90711759995928,2.43582842075795,6.44114790318433,0.318386716858931,1.09645686993572,0.326232356704155,1.71069450295211,8.35934293967334
"117",32.1942119171291,0.735108563181396,38.2434283485624,9.71990801472085,1.34536891010898,21.6762700735142,94.4303216476388,6.26446494934185,1.9039243922942,2.36132072888542,6.63101439105862,0.321738725447566,1.09899831187689,0.318155879930226,2.31686097736917,8.31670020953629
"118",30.685251447168,0.732848294670283,36.4814846797229,9.53169170287547,1.32468559871574,22.0343282422904,94.5709804578802,6.66133034664556,1.94602479217995,2.39351129971887,6.44860298751354,0.316032037972424,1.14997581717419,0.32181819999022,2.36430793252295,8.55178704464604
"119",31.2991258539471,0.734739140088755,37.0560237959627,9.88719017171803,1.35309716239058,22.2507417200077,94.4987544357735,6.18600750591197,1.94442969859759,2.45944890393598,6.39100549900123,0.318725863833681,1.12452390398546,0.329042980708863,1.98525978230352,8.26717927755234
"120",30.0522763554491,0.737476001853453,35.7266097053013,10.0058215075885,1.35079176963691,22.2538604538017,94.4604120110897,6.57880506591079,1.94864378948982,2.44571516997423,6.38365554240935,0.317298107480367,1.21424599006838,0.322294743905577,2.27778959388076,8.40551176603957
"121",30.5476280102882,0.743804547885325,36.4082085937335,9.97035559409007,1.32790832735463,22.5400461959356,94.5358379414039,6.50309681948097,1.9429998638837,2.40393348274998,6.425610433616,0.32569688991471,1.15744492278006,0.325767015098383,2.0909016908084,8.18470858605739
"122",32.4871952411449,0.74052101098838,38.5629223627582,9.77706187652177,1.33743908302271,21.667016043955,94.662691219318,6.19378590316425,1.90032120543996,2.35991164957837,6.63502156129507,0.322305444781981,1.11575823223341,0.321147536184911,1.72646977407182,8.2200344931845
"123",31.0510309125738,0.746779778944186,36.7935037456184,9.76562839451473,1.35019956987211,22.9286465015134,94.5688639577979,6.27855337761778,1.93148328237914,2.38909900296374,6.48325627640134,0.325564592691992,1.1229451383177,0.328151659298475,1.83476438461773,8.25585941944213
"124",30.290039815344,0.743581952463933,35.637115063719,9.7816089142825,1.37789060304958,23.0909275322344,94.5054689677289,6.69577898157495,1.9340223996752,2.45140425798452,6.41489043079018,0.326600355778695,1.15068987161745,0.330264233136131,1.73191994406446,8.42553600835686
"125",30.7424825281977,0.747952307775852,35.9983787548026,9.5937558125319,1.35773460012872,22.1484168574224,94.5689665271294,6.50750864563839,1.94607234158131,2.39233929578728,6.5161497606597,0.327108391016827,1.13694870458688,0.325460785598245,1.76857565446447,8.38631908063642
"126",29.8927902673492,0.722057280349584,35.6154589227649,9.70974979595932,1.3561676403972,22.8638277254917,94.5128612133188,6.33267296346864,1.91804341710884,2.39886026830624,6.40695880850177,0.326191738600504,1.17028860462997,0.324230062006186,1.79622740694985,8.24424737553821
"127",30.3057018664564,0.72430849249956,35.9195583096718,9.43913586665337,1.35020897134768,22.2077317352014,94.5398443387691,6.50301751508328,1.97024027602963,2.40749898860503,6.46038258761741,0.316083470616537,1.16520830065421,0.319282334894118,1.90966145543631,8.37760492410277
"128",30.514029812061,0.729812448837138,36.6091431883596,9.57320882467169,1.34960027434687,22.3459993493851,94.5671587940671,6.77441511428308,1.92041668015281,2.37569242969048,6.48439271476662,0.321903996983712,1.13853955034871,0.323196688935961,1.61821325578828,8.41934853898587
"129",30.0856224517859,0.730126136277294,35.7790922658509,9.85187121492719,1.34642258506493,22.3442227477107,94.5684317384616,6.5004826690612,1.93210582842499,2.44337196415093,6.53303175806175,0.31903575461413,1.06275914293419,0.319881067337907,2.07945968548085,8.25678785847854
"130",29.6597539482585,0.739551574650751,35.2114593393608,9.43784019167437,1.38034209668678,22.5410138085128,94.5222910719722,6.87111042322666,1.98155084643333,2.38620679810424,6.42100847828752,0.32501342146428,1.16606597491583,0.32264287021205,1.96787320276934,8.53870011040955
"131",32.1875772272769,0.731055947197948,38.575300218386,9.17707272685687,1.32430926797333,20.4566035952173,94.6039301485773,6.94639079465418,1.84905717167107,2.36825561700165,6.72374921640895,0.306948648262107,1.02976515073584,0.303577580628565,2.64986081734114,8.64709726393691
"132",32.1304959994106,0.756799157441306,37.8308564024422,9.29207360496921,1.33862663860153,21.910617128889,94.4894632376429,6.28867855593762,1.92718037253089,2.39922367500294,6.60128608067621,0.324039976257625,1.19331989612129,0.326915518624933,1.4207413050458,8.19340179959036
"133",29.8313893923305,0.728098300296674,35.5922382563079,9.73309145756075,1.3558950907214,22.9244535012131,94.5210389209406,6.38766338328331,1.97145595850029,2.4810455500809,6.3035992325772,0.323323056874076,1.20034773336715,0.330992015980814,1.70903508689575,8.20711471161565
"134",31.0041646945958,0.733920008492776,36.1564104047202,9.79695250422931,1.31585226479101,21.8704993708507,94.5059242000819,6.4756271733245,1.96756172411624,2.4475274921552,6.52557326586022,0.322517722737249,1.12187190701347,0.321747206544431,1.97321384997582,8.48270916375386
"135",31.243974659659,0.753801195368625,36.9411185511764,9.35331773786047,1.35421996457868,22.0918150546229,94.6496827236063,6.26136627812281,1.94635796269576,2.44754820781302,6.472828919806,0.321978831876836,1.13661374590311,0.323270441393237,1.60554864544634,8.31949471700629
"136",31.9912005935984,0.751938487428123,37.9154324681663,9.75490114900022,1.35692792355853,21.9340874214824,94.375842166453,6.4061367522426,1.90426985044759,2.38023862898292,6.6207256306954,0.320961896856002,1.14037003515116,0.32808032469011,1.60600780954414,8.26140277984896
"137",30.0523349002518,0.734338786926301,35.7268829827996,9.99462990055723,1.32709822747622,22.7361614192415,94.4071962470796,6.61610868047989,1.98343095289984,2.43455033200622,6.20282402366551,0.324731227231112,1.14630048812448,0.332899857011027,2.2458977553172,8.47696797061552
"138",30.2682992008971,0.762786217205203,36.0304176778826,9.39001028863262,1.37116356248754,22.1848697553044,94.5294290839398,6.7911592911888,1.94255327337058,2.3751062536875,6.43033265955052,0.331317116323478,1.11835331965235,0.325371177829649,1.61939699089068,8.4422101325713
"139",32.4250374163763,0.745177685000877,38.2036873221587,9.72199037236638,1.35545722050056,21.6970672084876,94.4768633520613,6.32804997648208,1.85532762113779,2.39575821474281,6.59418284744495,0.323406033476407,1.21756065222153,0.321498889232842,1.63450900412072,8.39303529883881
"140",32.4423879020006,0.757255473386198,37.9563771408278,10.1884291181,1.32779445216287,21.7775901493722,94.5313704878596,6.06934807128429,1.85961177382706,2.4185815577274,6.72335821194084,0.328602996862166,1.18626084963213,0.327267879361624,1.78465923769613,8.08233258997616
"141",32.1765025963541,0.728170549690459,38.4963268787878,9.63281070256982,1.34007525126797,21.0826507886816,94.465193601478,6.45939610938553,1.88843728935879,2.44202532149875,6.57342275467864,0.311747933799453,1.11567225725128,0.313651501107188,2.17548609571183,8.36828909735032
"142",32.3975457002695,0.76468823955864,38.0418884734135,9.58859879491245,1.41023940587012,22.1707313118654,94.4249555585367,6.14649838497925,1.90834657561542,2.40846617153607,6.56302892695407,0.338412456148092,1.26538869195033,0.328776641343017,1.52402030662064,8.12910650834366
"143",30.6851066013943,0.734703756992883,36.6442384125602,9.33589928439959,1.33328577503138,22.391730118635,94.4811278095609,6.62417880770987,1.95504362738102,2.38629085383856,6.39525135744258,0.329131957273162,1.1380741128819,0.325983225209595,1.87458002554508,8.28149245130179
"144",30.799448528146,0.722457625796164,37.0297245251688,9.73898830888355,1.33675125545458,21.8320069793984,94.510571405503,6.59378794630629,1.94833559594438,2.43880086021833,6.41029922834123,0.317795781382991,1.18477467709109,0.319678704390383,2.07645140789279,8.39808026623582
"145",30.6963066151449,0.724009356222526,36.5389452411454,9.8074230521337,1.34303998186024,22.6006364205335,94.5396181622437,6.38850063574631,1.95583530355013,2.45324006526875,6.47919892579943,0.3171239157959,1.16731686579153,0.326427289996038,1.58001475560962,8.27520958670659
"146",31.5661185338133,0.73409660764861,37.0587510637627,10.0193678518544,1.36951084444356,21.9642157569797,94.4894713150659,6.40609522511136,1.926645000176,2.325817973991,6.57611467680955,0.330887943623126,1.08873876204725,0.314751693851346,1.9324586320537,8.24731642668707
"147",30.5085411418185,0.746805342843781,36.1946773779161,9.77018814598989,1.33548108678038,22.327360187278,94.5205356479731,6.65177430866995,1.96246910356456,2.37870131099454,6.51818070491282,0.321122779415734,1.20318365535632,0.31880789772858,2.14459882023253,8.44738413462795
"148",31.5910110875167,0.742478236314347,36.9053488363836,9.6303080134331,1.34430220542137,22.0965537717051,94.5892525366727,6.60086420045574,1.92834241664842,2.41247626391339,6.59622613994192,0.321235716434666,1.13205083635467,0.32258243657293,1.85350454711069,8.39853736529211
"149",30.9027514070839,0.731193608108366,36.9008238915406,9.42677309804264,1.33006870776611,22.3095846398986,94.520356825958,6.54251394349761,1.92026953566345,2.38207771887302,6.50406919661342,0.317253730706598,1.12506972143752,0.324023094133498,1.71408490159705,8.26855521602186
"150",30.718075591305,0.739077576679354,36.4370445333252,9.66348270872213,1.33645707230799,23.045360397029,94.5827801662104,6.51041980820955,1.95085471540984,2.47176819208805,6.48826470460258,0.318565669693554,1.17532217767389,0.328597528930229,1.57224623054075,8.30774002925756
"151",31.6408395221483,0.735417676158578,37.7077064644172,9.46843461976015,1.33965649869112,22.1026703013056,94.5288181021907,6.29263716543984,1.90516821200794,2.40664163479452,6.65251224680552,0.320336897574495,1.11930315062446,0.323826323858063,1.91408640369822,8.22815613653927
"152",29.6394940355265,0.721875632230068,35.1486298645974,9.77651962317003,1.32731714905619,23.1864451730865,94.4992745372241,6.49564219273681,1.99161450465409,2.56037636008483,6.26809563131524,0.313813503504776,1.0500836767635,0.338588117374131,2.03631096342342,8.26546120626324
"153",30.3366491043337,0.721769475268497,36.8848109720361,9.40322368425847,1.33662066937042,22.4634922487751,94.540128429548,6.60569654674974,1.92372651638843,2.47028033560767,6.4089336774873,0.31617675912942,1.14515673689741,0.324609093244332,1.32609491543315,8.39203767871025
"154",30.6374033733989,0.732650564904822,36.5621993259322,9.51375386188925,1.34117654319521,22.9043852431013,94.4401330755746,6.23957289858475,1.97130668641987,2.39198334703917,6.42434312806119,0.32026359939129,1.25939990464376,0.326941349233562,1.52790898587574,8.32409861475801
"155",31.3177153625706,0.745542149328614,36.9174278927695,9.88096719627962,1.35720490733423,22.5626173501887,94.4646119566127,6.34450170308673,1.94243326404755,2.39390078465089,6.52420559133586,0.328823578655565,1.2435389027216,0.326948974111328,1.47654124569539,8.30279437237571
"156",30.4622384392223,0.732657672693479,36.4252896653235,10.1681892768585,1.33782495586313,22.2207030746502,94.4841776573771,6.65693527511293,1.95682075715936,2.40948074787192,6.40314594642546,0.322756719615681,1.11008152037417,0.324722108629567,2.16738841051182,8.50186424161858
"157",31.0970402174013,0.729208399485505,36.3953749583395,9.71480547760348,1.32289295679417,22.193975825773,94.4847812606538,6.32402420183612,1.95448671621,2.4054132680222,6.53352685691583,0.314441508400551,1.11302491640905,0.322340138372599,1.80502961623523,8.26580058576972
"158",30.7761547931952,0.748103278251175,36.2875576708753,9.72177439732212,1.35295985881637,23.0727385720756,94.5458235718025,6.31683956634229,2.0207276088123,2.46763407913127,6.36457186575518,0.332974732932721,1.19844971418432,0.32492687233876,1.50856329428477,8.28659824105047
"159",30.1056224062312,0.729952176523295,35.5670032770085,9.93944583487606,1.35776006190038,23.289047890534,94.5382450168368,6.44057948624299,1.97710161229336,2.41681819197721,6.32336766697443,0.323962496888267,1.12911948576696,0.325379418733987,1.58435331658117,8.40456061713288
"160",31.3162481457388,0.722063806246926,37.6849426941591,9.56606817579572,1.31730074768163,21.7020792094275,94.5111615133084,6.52995154721526,1.9718579774366,2.43800604468253,6.55004814480886,0.306939199033944,1.07715339060944,0.315777051075357,1.91340040469688,8.32184400357091
"161",31.0923426447719,0.716865307397675,36.8662210901239,9.43343353320875,1.34017132210136,22.1273359132787,94.5411236631976,6.53803357411727,1.9559232176012,2.39482797345167,6.47425644297063,0.315042608563285,1.11901502188264,0.322568129216196,1.36344526540545,8.47424745092585
"162",30.6956509943567,0.727407170724634,36.5933452321993,9.90502573540259,1.32964613689762,22.4365636327765,94.5637490008216,6.24209136721849,1.96028525214959,2.42233137550611,6.46089895770199,0.317810337434042,1.20709708188229,0.322872847415674,1.91467578994145,8.28017376499971
"163",30.3422690472461,0.750490068570719,36.1306880773256,9.85477529687669,1.34071279397709,23.1163646630479,94.6243382703246,6.38297521731293,1.93729614562318,2.3684271547425,6.51877051154119,0.32721876114007,1.22091034819936,0.325909877121731,1.79672017238809,8.23338212519658
"164",28.9925558135164,0.721042814205602,34.2178650114125,10.0247648090723,1.35243748869788,23.4828172609702,94.4563422405823,6.61471824556477,1.98397992514798,2.42153743914539,6.23033227088626,0.324231978512839,1.17433919319943,0.32950303603023,1.7310548773447,8.44310137085
"165",30.2307905519431,0.711833879751951,35.5346126857303,9.91984549306612,1.35128588734926,22.5541561843397,94.5857345965839,6.26669454698759,1.96860947558636,2.4459436572871,6.32537936127749,0.320224383990441,1.08927977786231,0.322414735611952,2.05503734762319,8.35117497116164
"166",29.7742002225722,0.749771568387572,34.6138089770851,10.0683305273287,1.38712663612373,23.1664399853401,94.486522355791,6.44172253008327,1.92910808801776,2.35887075923678,6.44200147102534,0.341861984837728,1.14689608844548,0.3225635466543,2.01732212710212,8.3105565202003
"167",31.8048741415943,0.73309251222104,36.9108990610477,9.80758802471017,1.34127776128749,22.1110185027033,94.4446546766308,5.972986206764,1.96429275864598,2.43875881536892,6.57863241771153,0.32264934765086,1.16378171020969,0.321704126408188,1.63053582658863,8.20141523626486
"168",31.8699839655647,0.731020919009387,37.4109073057063,9.91716837227866,1.34275432928753,22.0325441953828,94.5209054704683,6.39956439385677,1.89827822379487,2.37343591124985,6.59489396258766,0.317967487357076,1.188656829248,0.318536020324135,1.92940448639831,8.31854393793742
"169",29.2005952582356,0.737323447152643,34.9510046815792,10.1486315401244,1.36890618984675,23.4951006587171,94.4137988636149,6.35412312270621,1.99634239471081,2.41004003379627,6.1971182565922,0.32870091849435,1.24182009633412,0.333261679082557,1.57182374621511,8.25663375091577
"170",30.7516050954818,0.718405599301097,36.6419589827368,9.56766025832476,1.33508769736184,21.9980992692704,94.3875247735598,6.62293121658139,1.93699754719395,2.35592563791719,6.43217717892438,0.31742385878397,1.16325415501036,0.319219476767553,1.6331716983333,8.51587874154206
"171",30.2826369869568,0.725652635487752,36.2215717980503,9.63056128136212,1.36016115675084,22.1915188353708,94.4029582260655,6.80567530050217,1.95602444202959,2.39616417601506,6.45630483701075,0.322121912032053,1.12923833120777,0.316654630235603,1.74269165993548,8.56694566368477
"172",30.0467124725178,0.727287542350935,35.4460023333317,10.1879772057307,1.36928097290174,22.839410954935,94.4626624699697,6.51239819959943,1.97487078126753,2.40531039891251,6.43876161530922,0.32476117558067,1.15506422845361,0.323777628127727,1.59303672956857,8.38326478081178
"173",31.0812556232318,0.735629957393167,36.506177526862,10.2764784256724,1.35222034412979,22.7149872998983,94.5481259591345,6.32077312723967,1.89321371064168,2.48668276369344,6.52504488160069,0.323668201476457,1.12732176235232,0.322282743718408,1.27258875600132,8.14032217777736
"174",31.9973834938972,0.762565172406717,38.0396071487375,9.46309863261162,1.34630300371292,21.9811484054722,94.4292460468356,6.12088919342644,1.91180689877506,2.37914266577989,6.78293045332247,0.313870685461583,1.17417495956521,0.31732639299409,1.49138228294916,8.41854057492992
"175",30.5479686497163,0.72092807882816,35.9436097239039,9.41470594249001,1.33254526171714,22.7842507484686,94.4887778852352,6.39977012300035,1.97131110429717,2.44574035897048,6.36332804422772,0.31995563530927,1.12408403271603,0.330410012970608,1.65278486875848,8.29346788181104
"176",30.0588695295065,0.752541021640144,35.4945059085316,9.9494624511637,1.35300423759671,23.0678495535376,94.5623130475234,6.31288356814367,1.97841739875867,2.3927064687966,6.38811092143488,0.329312616075699,1.22679618672848,0.32712870575735,1.73264241264487,8.26721820719115
"177",30.8329366468409,0.74778505617291,36.4144002946336,9.85642223048563,1.34201897266941,22.6852192376107,94.4616105370642,6.41832009685724,1.95390539517805,2.42257331535174,6.49912747027321,0.330465325186439,1.06059891927962,0.327825414700492,1.69074953301431,8.13906840240207
"178",31.257180217934,0.735060970583437,36.5101809720193,9.74711267996918,1.37293096396055,22.367703754624,94.5273029503861,6.34040811837315,1.93570564449343,2.43631196502028,6.52134089603026,0.324221274436806,1.12091403135774,0.319309803728584,1.51716104164186,8.18974582024254
"179",30.6934136652146,0.727689651121697,36.4532903754789,9.90077650064844,1.34531054574517,22.3089069125768,94.4406724805811,6.70677074013531,1.88016512301182,2.36212589505074,6.39765104774159,0.324489734464095,1.17039980280268,0.320528936174512,2.12210046851532,8.38879344862113
"180",32.0447486137075,0.737288690750067,38.9522448135166,9.318893967127,1.33655495367218,21.7638454638752,94.516956046704,6.3671948137115,1.89714081654401,2.37085145673963,6.63677373155311,0.317089316851537,1.17065559693706,0.319749256241581,1.87204635013661,8.29004226600669
"181",31.4609535120886,0.723703960900277,37.1631801279308,9.56342299722841,1.35555006337539,21.6981701205088,94.5374073682049,6.57866583137885,1.88462285255792,2.41229114190379,6.5428480239125,0.313883425770032,1.15708380501849,0.318876968798312,1.65277778282237,8.46094110451192
"182",30.8949722592678,0.714843247821422,36.7087474201955,9.37276536702459,1.33395641912439,22.3034835472174,94.5933082928816,6.24919912678781,1.92420540356633,2.38499042892903,6.56817244429332,0.30906918620966,1.12681463782422,0.323472703447317,1.6674526929119,8.2899079141135
"183",31.6231654218562,0.728509930671418,37.5794202446336,9.49239624604715,1.33828979803552,21.7035860680367,94.5802698393842,6.4160994818601,1.91859523036937,2.3608647911832,6.64869778121064,0.314846798174225,1.14304851987079,0.316593887448705,1.73655728124941,8.39198600580074
"184",31.8102310358592,0.72189836532784,37.4256557058034,9.59341471287137,1.33202817041739,21.5811954743728,94.4497465030482,6.40189631437346,1.92216216607218,2.32346357784231,6.61891656570775,0.320136488764105,1.179235673055,0.323387183166405,1.78222050187908,8.27144668996276
"185",31.0281567468686,0.724102984174515,36.8174235257776,9.94629097584027,1.35088095354176,22.1281164227964,94.5867382927007,6.3020719940884,1.94942015433342,2.3942927156052,6.46146342670113,0.316249994254478,1.17458877443703,0.319984276608105,1.83276275823884,8.36822765997261
"186",31.4716005756436,0.731039984828766,37.9727737145779,9.17879706482381,1.33135960615622,22.4392241228369,94.5537658384054,6.58520413716444,1.90784754291963,2.45991313191242,6.47134326968534,0.316409053545249,1.14522367563556,0.322138957357024,1.44324248457281,8.38652111143751
"187",31.481231099824,0.722694214501121,37.4605119718756,9.59340687318303,1.32453762648892,21.9984267735398,94.5570773451881,6.54593306644767,1.94667499371515,2.40861918724649,6.55446364858762,0.315974721134642,1.13567899017018,0.320149868075033,1.47782940214092,8.33999652655007
"188",31.3642584717144,0.712217248902942,37.5852201302723,9.53649217696115,1.32819063486526,21.8853661066271,94.4561919245521,6.54335390859399,1.92039687533587,2.38401729629993,6.53022713788585,0.311613159443562,1.15694815563966,0.317666588145785,1.8978089779666,8.28655836324402
"189",31.3582897040469,0.739095570179866,37.1132148194787,9.67301758944923,1.34195328035232,21.7319949625885,94.554980416872,6.6049877424045,1.93197974386997,2.38795820066872,6.55126291215776,0.320367127146841,1.16317400534396,0.31785002774073,1.8170188226217,8.32868295816075
"190",30.7204219071451,0.75287400680704,36.2486415909949,9.84025575652443,1.33047358031346,22.3062165465863,94.5791715723096,6.31068878967612,1.94734102300874,2.40716533946967,6.63954150985455,0.320082051494592,1.14852935239913,0.322046795245996,1.97071200173815,8.24873808462773
"191",30.3106350286054,0.730929706829783,35.3792289941758,9.59478865650935,1.37735312736731,22.0427918234719,94.4882814859583,6.9522851992376,1.93413484261461,2.36450709927302,6.4254237368495,0.318774940476375,1.0717540434569,0.318163931536186,2.25265730300326,8.64635741789724
"192",29.7390175340157,0.726597424094729,35.0304029887153,9.86625428554698,1.33650554511255,23.3578525213072,94.4649452848445,6.39255379240895,1.96956579672438,2.44548159321973,6.4390541045785,0.320557701137231,1.10327755281487,0.329135870875587,1.33537946009108,8.2450907207847
"193",30.7647479604584,0.723908264858342,36.5287160147661,9.82077226103496,1.34756828615068,22.5220434942976,94.5357703905554,6.53420576545541,1.95284936773536,2.43389240056116,6.40894661082791,0.321156718672622,1.17290643248886,0.322005966650978,1.53602507315565,8.37032699378595
"194",31.4094023583381,0.734927595371407,38.2723663344748,9.76984436147418,1.35969970553438,22.2803214004728,94.3735914546822,6.37124737448904,1.92121786222114,2.41652282208311,6.51675880921083,0.317517778156455,1.1488026814736,0.319213478200444,1.9149002469303,8.04933057319115
"195",31.4903414149018,0.71798730034138,36.4906091197807,9.47128045889647,1.33169179411302,22.1851800435722,94.5277840685514,6.59009720073343,1.95236845947735,2.36957156824222,6.43309965703842,0.31920524454434,1.21668417685968,0.322838544082813,1.61015231878224,8.31833021749544
"196",31.2683148780033,0.725488101164575,37.4041110588728,9.75275741248965,1.34915797691333,21.9695505905599,94.4886594408168,6.48132272546911,1.93401660741141,2.39590332321114,6.42603099885562,0.322792125747238,1.10316271146344,0.319495140377046,1.65777535191573,8.4525449699911
"197",31.800865047187,0.721931636984523,38.1452508350237,9.56171399657759,1.32647634978293,20.9042549863997,94.4292727194227,6.41802158107753,1.90345702960784,2.39079501093082,6.57454758389757,0.314555855840003,1.13116038797828,0.314988811359111,2.11749383286297,8.22476178778025
"198",31.8944769163173,0.752185998020628,37.3754745888849,9.68197469170303,1.34499436305958,22.3993233002675,94.540902774239,6.18120248394897,1.8733139050373,2.3336060338855,6.69385754952953,0.331422180799194,1.16992494703753,0.322130758550903,1.64343863882819,8.15309352477427
"201",32.3699956339861,0.739220666046301,38.2027615227239,9.49017553368935,1.3317417272474,21.565734137364,94.5364174358871,6.29266076649954,1.9178506534055,2.42099808247052,6.62484130088798,0.31549079213047,1.15590834874119,0.321412429051503,1.73714631867832,8.20020324607256
"202",30.1807911690534,0.726455156358706,35.9207025942037,9.66833159615601,1.34100507366886,22.8309542768187,94.5015683017754,6.58619609018203,1.96265515166549,2.40553334676813,6.33829738403137,0.323682284321717,1.1641271482923,0.327303554325071,1.71784896644683,8.39366737105971
